name,value,date,Unnamed: 3
蒋敦豪发长文回应,158514.0,2024-07-23 05:14,
从严从快处理师德失范行为,73543.0,2024-07-23 05:14,
神十八乘组太空出差能有多充实,15392.0,2024-07-23 05:14,
拜登退选至少有两重原因,59079.0,2024-07-23 05:14,
奶茶30元时代已成过去,50198.0,2024-07-23 05:14,
种地吧成员支持蒋敦豪,79133.0,2024-07-23 05:14,
人大王某某被开除党籍,45661.0,2024-07-23 05:14,
相柳战死,43338.0,2024-07-23 05:14,
李梦 穿的不错下次别穿了,35853.0,2024-07-23 05:14,
拜登退选后的可能继任者,17643.0,2024-07-23 05:14,
老年男明星 性侵女服务员,184677.0,2024-07-23 05:14,
人大通报王某某性骚扰,108307.0,2024-07-23 05:14,
女子称因学历低被判去高危妊娠门诊,90626.0,2024-07-23 05:14,
清华教授解读自愿弹性延迟退休原则,61155.0,2024-07-23 05:14,
空空日记人设,53688.0,2024-07-23 05:14,
空空日记掉粉超100万,43768.0,2024-07-23 05:14,
秦岚 我不会和前任做朋友,31401.0,2024-07-23 05:14,
90后男女都65岁以后退休系网民推估,31091.0,2024-07-23 05:14,
女子折叠凳掉福宝场地被终身禁入,30808.0,2024-07-23 05:14,
男子猥亵被拘13天父亲向受害者求情,29057.0,2024-07-23 05:14,
胡先煦曾参加过封神试镜,29350.0,2024-07-23 05:14,
中方决定取消对美国卫讯公司的反制措施,28358.0,2024-07-23 05:14,
宗馥莉已接手父亲名下多家公司,25577.0,2024-07-23 05:14,
郑州暴雨,25254.0,2024-07-23 05:14,
婚礼上被喷酒新娘霸气眼神杀,25176.0,2024-07-23 05:14,
人民网评人大清理害群之马,24567.0,2024-07-23 05:14,
游泳时千万别穿白色泳衣,23630.0,2024-07-23 05:14,
用山东方言说唱呼叫山东舰,23395.0,2024-07-23 05:14,
一句警察叔叔我好饿小孩哥成功蹭到了,22181.0,2024-07-23 05:14,
田曦薇财阀千金,20468.0,2024-07-23 05:14,
BBA退出价格战涨了多少,20292.0,2024-07-23 05:14,
中国人民大学声明,20211.0,2024-07-23 05:14,
原来慈禧太后的卧室长这样,19992.0,2024-07-23 05:14,
优衣库和中国消费者都说对方变了,19950.0,2024-07-23 05:14,
人大女博士举报情况属实,18902.0,2024-07-23 05:14,
咒术回战 要不还是别画了,18742.0,2024-07-23 05:14,
巴黎奥运吉祥物会按奖牌颜色颁发,18168.0,2024-07-23 05:14,
宁艺卓说第一次在中国签售,17975.0,2024-07-23 05:14,
郑州局部暴雨超100毫米,17533.0,2024-07-23 05:14,
遇到性骚扰请勇敢说不,17239.0,2024-07-23 05:14,
苹果手表被曝运动记录无中生有,17119.0,2024-07-23 05:14,
gidle方道歉,16916.0,2024-07-23 05:14,
金智媛化妆师秒删ins,16770.0,2024-07-23 05:14,
杨紫长相思2最后一个镜头,16604.0,2024-07-23 05:14,
四川眉山千人共吃超大火锅,16519.0,2024-07-23 05:14,
天秤座的情绪周期,15724.0,2024-07-23 05:14,
姜妍虞书欣 姐狗文学,15714.0,2024-07-23 05:14,
李昊 十个勤天永远是十个勤天,14824.0,2024-07-23 05:14,
肖战陈情令人物曲上线五周年,14635.0,2024-07-23 05:14,
毛球,14232.0,2024-07-23 05:14,
蒋敦豪发长文回应,176107.0,2024-07-23 05:26,
从严从快处理师德失范行为,86047.0,2024-07-23 05:26,
神十八乘组太空出差能有多充实,16550.0,2024-07-23 05:26,
拜登退选至少有两重原因,64244.0,2024-07-23 05:26,
人大王某某被开除党籍,50699.0,2024-07-23 05:26,
种地吧成员支持蒋敦豪,87432.0,2024-07-23 05:26,
相柳战死,48327.0,2024-07-23 05:26,
李梦 穿的不错下次别穿了,45722.0,2024-07-23 05:26,
奶茶30元时代已成过去,45273.0,2024-07-23 05:26,
拜登退选后的可能继任者,20587.0,2024-07-23 05:26,
老年男明星 性侵女服务员,187840.0,2024-07-23 05:26,
人大通报王某某性骚扰,116310.0,2024-07-23 05:26,
女子称因学历低被判去高危妊娠门诊,93205.0,2024-07-23 05:26,
清华教授解读自愿弹性延迟退休原则,61787.0,2024-07-23 05:26,
空空日记人设,53640.0,2024-07-23 05:26,
空空日记掉粉超100万,43477.0,2024-07-23 05:26,
男子猥亵被拘13天父亲向受害者求情,33286.0,2024-07-23 05:26,
90后男女都65岁以后退休系网民推估,31897.0,2024-07-23 05:26,
秦岚 我不会和前任做朋友,30740.0,2024-07-23 05:26,
中方决定取消对美国卫讯公司的反制措施,30699.0,2024-07-23 05:26,
女子折叠凳掉福宝场地被终身禁入,28870.0,2024-07-23 05:26,
郑州暴雨,28603.0,2024-07-23 05:26,
宗馥莉已接手父亲名下多家公司,27126.0,2024-07-23 05:26,
胡先煦曾参加过封神试镜,26594.0,2024-07-23 05:26,
婚礼上被喷酒新娘霸气眼神杀,26218.0,2024-07-23 05:26,
游泳时千万别穿白色泳衣,24361.0,2024-07-23 05:26,
用山东方言说唱呼叫山东舰,24249.0,2024-07-23 05:26,
人民网评人大清理害群之马,24052.0,2024-07-23 05:26,
一句警察叔叔我好饿小孩哥成功蹭到了,22755.0,2024-07-23 05:26,
中国人民大学声明,22025.0,2024-07-23 05:26,
原来慈禧太后的卧室长这样,21239.0,2024-07-23 05:26,
田曦薇财阀千金,20766.0,2024-07-23 05:26,
优衣库和中国消费者都说对方变了,20477.0,2024-07-23 05:26,
人大女博士举报情况属实,19287.0,2024-07-23 05:26,
郑州局部暴雨超100毫米,18621.0,2024-07-23 05:26,
肖战陈情令人物曲上线五周年,18446.0,2024-07-23 05:26,
巴黎奥运吉祥物会按奖牌颜色颁发,18361.0,2024-07-23 05:26,
BBA退出价格战涨了多少,18208.0,2024-07-23 05:26,
四川眉山千人共吃超大火锅,17783.0,2024-07-23 05:26,
苹果手表被曝运动记录无中生有,17670.0,2024-07-23 05:26,
遇到性骚扰请勇敢说不,17431.0,2024-07-23 05:26,
gidle方道歉,16960.0,2024-07-23 05:26,
姜妍虞书欣 姐狗文学,16954.0,2024-07-23 05:26,
宁艺卓说第一次在中国签售,16925.0,2024-07-23 05:26,
金智媛化妆师秒删ins,16759.0,2024-07-23 05:26,
李昊 十个勤天永远是十个勤天,16640.0,2024-07-23 05:26,
杨紫长相思2最后一个镜头,16210.0,2024-07-23 05:26,
咒术回战 要不还是别画了,16134.0,2024-07-23 05:26,
天秤座的情绪周期,15350.0,2024-07-23 05:26,
相柳是笑着死的,14878.0,2024-07-23 05:26,
蒋敦豪发长文回应,174151.0,2024-07-23 05:35,
从严从快处理师德失范行为,94620.0,2024-07-23 05:35,
神十八乘组太空出差能有多充实,15574.0,2024-07-23 05:35,
拜登退选至少有两重原因,63436.0,2024-07-23 05:35,
人大王某某被开除党籍,46524.0,2024-07-23 05:35,
种地吧成员支持蒋敦豪,89712.0,2024-07-23 05:35,
李梦 穿的不错下次别穿了,66568.0,2024-07-23 05:35,
相柳战死,48441.0,2024-07-23 05:35,
奶茶30元时代已成过去,45025.0,2024-07-23 05:35,
拜登退选后的可能继任者,20334.0,2024-07-23 05:35,
老年男明星 性侵女服务员,218544.0,2024-07-23 05:35,
人大通报王某某性骚扰,119094.0,2024-07-23 05:35,
女子称因学历低被判去高危妊娠门诊,112194.0,2024-07-23 05:35,
清华教授解读自愿弹性延迟退休原则,65968.0,2024-07-23 05:35,
空空日记人设,51546.0,2024-07-23 05:35,
空空日记掉粉超100万,44474.0,2024-07-23 05:35,
男子猥亵被拘13天父亲向受害者求情,38694.0,2024-07-23 05:35,
中方决定取消对美国卫讯公司的反制措施,34916.0,2024-07-23 05:35,
90后男女都65岁以后退休系网民推估,34216.0,2024-07-23 05:35,
秦岚 我不会和前任做朋友,30839.0,2024-07-23 05:35,
郑州暴雨,30682.0,2024-07-23 05:35,
女子折叠凳掉福宝场地被终身禁入,28565.0,2024-07-23 05:35,
宗馥莉已接手父亲名下多家公司,28445.0,2024-07-23 05:35,
婚礼上被喷酒新娘霸气眼神杀,27694.0,2024-07-23 05:35,
游泳时千万别穿白色泳衣,27327.0,2024-07-23 05:35,
胡先煦曾参加过封神试镜,25254.0,2024-07-23 05:35,
一句警察叔叔我好饿小孩哥成功蹭到了,24938.0,2024-07-23 05:35,
人民网评人大清理害群之马,24675.0,2024-07-23 05:35,
用山东方言说唱呼叫山东舰,22958.0,2024-07-23 05:35,
原来慈禧太后的卧室长这样,22683.0,2024-07-23 05:35,
田曦薇财阀千金,22376.0,2024-07-23 05:35,
中国人民大学声明,21799.0,2024-07-23 05:35,
优衣库和中国消费者都说对方变了,21535.0,2024-07-23 05:35,
人大女博士举报情况属实,20951.0,2024-07-23 05:35,
郑州局部暴雨超100毫米,20430.0,2024-07-23 05:35,
苹果手表被曝运动记录无中生有,19035.0,2024-07-23 05:35,
巴黎奥运吉祥物会按奖牌颜色颁发,19022.0,2024-07-23 05:35,
肖战陈情令人物曲上线五周年,18841.0,2024-07-23 05:35,
BBA退出价格战涨了多少,18648.0,2024-07-23 05:35,
杨紫长相思2最后一个镜头,18538.0,2024-07-23 05:35,
四川眉山千人共吃超大火锅,18446.0,2024-07-23 05:35,
gidle方道歉,18071.0,2024-07-23 05:35,
金智媛化妆师秒删ins,17438.0,2024-07-23 05:35,
李昊 十个勤天永远是十个勤天,17178.0,2024-07-23 05:35,
姜妍虞书欣 姐狗文学,16342.0,2024-07-23 05:35,
遇到性骚扰请勇敢说不,16313.0,2024-07-23 05:35,
宁艺卓说第一次在中国签售,15571.0,2024-07-23 05:35,
咒术回战 要不还是别画了,15448.0,2024-07-23 05:35,
天秤座的情绪周期,15337.0,2024-07-23 05:35,
相柳是笑着死的,15209.0,2024-07-23 05:35,
蒋敦豪发长文回应,186975.0,2024-07-23 05:43,
从严从快处理师德失范行为,106532.0,2024-07-23 05:43,
神十八乘组太空出差能有多充实,15866.0,2024-07-23 05:43,
拜登退选至少有两重原因,65319.0,2024-07-23 05:43,
人大王某某被开除党籍,45621.0,2024-07-23 05:43,
种地吧成员支持蒋敦豪,94409.0,2024-07-23 05:43,
李梦 穿的不错下次别穿了,71396.0,2024-07-23 05:43,
相柳战死,51189.0,2024-07-23 05:43,
奶茶30元时代已成过去,44235.0,2024-07-23 05:43,
拜登退选后的可能继任者,21152.0,2024-07-23 05:43,
老年男明星 性侵女服务员,240255.0,2024-07-23 05:43,
女子称因学历低被判去高危妊娠门诊,119701.0,2024-07-23 05:43,
人大通报王某某性骚扰,117563.0,2024-07-23 05:43,
清华教授解读自愿弹性延迟退休原则,72599.0,2024-07-23 05:43,
空空日记人设,53451.0,2024-07-23 05:43,
空空日记掉粉超100万,46158.0,2024-07-23 05:43,
中方决定取消对美国卫讯公司的反制措施,42219.0,2024-07-23 05:43,
男子猥亵被拘13天父亲向受害者求情,40079.0,2024-07-23 05:43,
90后男女都65岁以后退休系网民推估,37657.0,2024-07-23 05:43,
胡先煦曾参加过封神试镜,34630.0,2024-07-23 05:43,
郑州暴雨,32253.0,2024-07-23 05:43,
宗馥莉已接手父亲名下多家公司,30346.0,2024-07-23 05:43,
女子折叠凳掉福宝场地被终身禁入,30234.0,2024-07-23 05:43,
婚礼上被喷酒新娘霸气眼神杀,28981.0,2024-07-23 05:43,
游泳时千万别穿白色泳衣,28892.0,2024-07-23 05:43,
秦岚 我不会和前任做朋友,28762.0,2024-07-23 05:43,
人民网评人大清理害群之马,25590.0,2024-07-23 05:43,
一句警察叔叔我好饿小孩哥成功蹭到了,25388.0,2024-07-23 05:43,
田曦薇财阀千金,24283.0,2024-07-23 05:43,
原来慈禧太后的卧室长这样,23738.0,2024-07-23 05:43,
用山东方言说唱呼叫山东舰,23208.0,2024-07-23 05:43,
郑州局部暴雨超100毫米,22691.0,2024-07-23 05:43,
优衣库和中国消费者都说对方变了,22668.0,2024-07-23 05:43,
人大女博士举报情况属实,21861.0,2024-07-23 05:43,
中国人民大学声明,21683.0,2024-07-23 05:43,
苹果手表被曝运动记录无中生有,20316.0,2024-07-23 05:43,
肖战陈情令人物曲上线五周年,20087.0,2024-07-23 05:43,
杨紫长相思2最后一个镜头,19906.0,2024-07-23 05:43,
四川眉山千人共吃超大火锅,19820.0,2024-07-23 05:43,
BBA退出价格战涨了多少,19746.0,2024-07-23 05:43,
巴黎奥运吉祥物会按奖牌颜色颁发,18972.0,2024-07-23 05:43,
gidle方道歉,18888.0,2024-07-23 05:43,
肖战宋威龙同款,18388.0,2024-07-23 05:43,
金智媛化妆师秒删ins,18120.0,2024-07-23 05:43,
遇到性骚扰请勇敢说不,16480.0,2024-07-23 05:43,
李昊 十个勤天永远是十个勤天,16411.0,2024-07-23 05:43,
相柳是笑着死的,16017.0,2024-07-23 05:43,
姜妍虞书欣 姐狗文学,15987.0,2024-07-23 05:43,
宁艺卓说第一次在中国签售,15726.0,2024-07-23 05:43,
坚持零容忍才能斩断高校性骚扰,15299.0,2024-07-23 05:43,
蒋敦豪发长文回应,191928.0,2024-07-23 05:51,
从严从快处理师德失范行为,116121.0,2024-07-23 05:51,
神十八乘组太空出差能有多充实,16723.0,2024-07-23 05:51,
拜登退选至少有两重原因,71382.0,2024-07-23 05:51,
中方决定取消对美国卫讯公司的反制措施,51151.0,2024-07-23 05:51,
种地吧成员支持蒋敦豪,96175.0,2024-07-23 05:51,
李梦 穿的不错下次别穿了,80991.0,2024-07-23 05:51,
相柳战死,52875.0,2024-07-23 05:51,
人大王某某被开除党籍,49621.0,2024-07-23 05:51,
拜登退选后的可能继任者,20792.0,2024-07-23 05:51,
老年男明星 性侵女服务员,260410.0,2024-07-23 05:51,
女子称因学历低被判去高危妊娠门诊,137082.0,2024-07-23 05:51,
人大通报王某某性骚扰,127657.0,2024-07-23 05:51,
清华教授解读自愿弹性延迟退休原则,80454.0,2024-07-23 05:51,
空空日记人设,61508.0,2024-07-23 05:51,
空空日记掉粉超100万,49657.0,2024-07-23 05:51,
男子猥亵被拘13天父亲向受害者求情,48409.0,2024-07-23 05:51,
奶茶30元时代已成过去,42135.0,2024-07-23 05:51,
90后男女都65岁以后退休系网民推估,41680.0,2024-07-23 05:51,
女子折叠凳掉福宝场地被终身禁入,36756.0,2024-07-23 05:51,
胡先煦曾参加过封神试镜,33738.0,2024-07-23 05:51,
郑州暴雨,33676.0,2024-07-23 05:51,
宗馥莉已接手父亲名下多家公司,32122.0,2024-07-23 05:51,
秦岚 我不会和前任做朋友,31883.0,2024-07-23 05:51,
游泳时千万别穿白色泳衣,30699.0,2024-07-23 05:51,
婚礼上被喷酒新娘霸气眼神杀,30171.0,2024-07-23 05:51,
田曦薇财阀千金,26869.0,2024-07-23 05:51,
一句警察叔叔我好饿小孩哥成功蹭到了,26040.0,2024-07-23 05:51,
人民网评人大清理害群之马,25788.0,2024-07-23 05:51,
原来慈禧太后的卧室长这样,25431.0,2024-07-23 05:51,
用山东方言说唱呼叫山东舰,23516.0,2024-07-23 05:51,
郑州局部暴雨超100毫米,23439.0,2024-07-23 05:51,
优衣库和中国消费者都说对方变了,23430.0,2024-07-23 05:51,
中国人民大学声明,23292.0,2024-07-23 05:51,
肖战陈情令人物曲上线五周年,23027.0,2024-07-23 05:51,
人大女博士举报情况属实,22909.0,2024-07-23 05:51,
苹果手表被曝运动记录无中生有,22096.0,2024-07-23 05:51,
杨紫长相思2最后一个镜头,21262.0,2024-07-23 05:51,
四川眉山千人共吃超大火锅,20888.0,2024-07-23 05:51,
BBA退出价格战涨了多少,19829.0,2024-07-23 05:51,
gidle方道歉,19672.0,2024-07-23 05:51,
肖战宋威龙同款,19208.0,2024-07-23 05:51,
金智媛化妆师秒删ins,19031.0,2024-07-23 05:51,
巴黎奥运吉祥物会按奖牌颜色颁发,18909.0,2024-07-23 05:51,
李昊 十个勤天永远是十个勤天,17306.0,2024-07-23 05:51,
遇到性骚扰请勇敢说不,16738.0,2024-07-23 05:51,
咒术回战 要不还是别画了,16463.0,2024-07-23 05:51,
相柳是笑着死的,16337.0,2024-07-23 05:51,
宁艺卓说第一次在中国签售,16306.0,2024-07-23 05:51,
坚持零容忍才能斩断高校性骚扰,15350.0,2024-07-23 05:51,
蒋敦豪发长文回应,204886.0,2024-07-23 05:59,
从严从快处理师德失范行为,120591.0,2024-07-23 05:59,
神十八乘组太空出差能有多充实,18296.0,2024-07-23 05:59,
拜登退选至少有两重原因,78913.0,2024-07-23 05:59,
中方决定取消对美国卫讯公司的反制措施,62774.0,2024-07-23 05:59,
种地吧成员支持蒋敦豪,98247.0,2024-07-23 05:59,
李梦 穿的不错下次别穿了,74095.0,2024-07-23 05:59,
相柳战死,57375.0,2024-07-23 05:59,
人大王某某被开除党籍,55352.0,2024-07-23 05:59,
拜登退选后的可能继任者,21103.0,2024-07-23 05:59,
老年男明星 性侵女服务员,290420.0,2024-07-23 05:59,
女子称因学历低被判去高危妊娠门诊,153410.0,2024-07-23 05:59,
人大通报王某某性骚扰,138502.0,2024-07-23 05:59,
清华教授解读自愿弹性延迟退休原则,88426.0,2024-07-23 05:59,
空空日记人设,69339.0,2024-07-23 05:59,
空空日记掉粉超100万,54385.0,2024-07-23 05:59,
男子猥亵被拘13天父亲向受害者求情,52937.0,2024-07-23 05:59,
女子折叠凳掉福宝场地被终身禁入,45155.0,2024-07-23 05:59,
90后男女都65岁以后退休系网民推估,45053.0,2024-07-23 05:59,
奶茶30元时代已成过去,40720.0,2024-07-23 05:59,
郑州暴雨,35297.0,2024-07-23 05:59,
宗馥莉已接手父亲名下多家公司,35094.0,2024-07-23 05:59,
游泳时千万别穿白色泳衣,34116.0,2024-07-23 05:59,
秦岚 我不会和前任做朋友,32792.0,2024-07-23 05:59,
一句警察叔叔我好饿小孩哥成功蹭到了,32275.0,2024-07-23 05:59,
婚礼上被喷酒新娘霸气眼神杀,31857.0,2024-07-23 05:59,
田曦薇财阀千金,31438.0,2024-07-23 05:59,
胡先煦曾参加过封神试镜,27434.0,2024-07-23 05:59,
原来慈禧太后的卧室长这样,27304.0,2024-07-23 05:59,
人民网评人大清理害群之马,27227.0,2024-07-23 05:59,
肖战陈情令人物曲上线五周年,26685.0,2024-07-23 05:59,
郑州局部暴雨超100毫米,25257.0,2024-07-23 05:59,
中国人民大学声明,25212.0,2024-07-23 05:59,
优衣库和中国消费者都说对方变了,24676.0,2024-07-23 05:59,
人大女博士举报情况属实,24526.0,2024-07-23 05:59,
用山东方言说唱呼叫山东舰,23992.0,2024-07-23 05:59,
苹果手表被曝运动记录无中生有,23823.0,2024-07-23 05:59,
肖战宋威龙同款,23146.0,2024-07-23 05:59,
杨紫长相思2最后一个镜头,22481.0,2024-07-23 05:59,
四川眉山千人共吃超大火锅,22231.0,2024-07-23 05:59,
gidle方道歉,21829.0,2024-07-23 05:59,
BBA退出价格战涨了多少,21116.0,2024-07-23 05:59,
金智媛化妆师秒删ins,20676.0,2024-07-23 05:59,
巴黎奥运吉祥物会按奖牌颜色颁发,19170.0,2024-07-23 05:59,
李昊 十个勤天永远是十个勤天,18269.0,2024-07-23 05:59,
咒术回战 要不还是别画了,17026.0,2024-07-23 05:59,
遇到性骚扰请勇敢说不,16931.0,2024-07-23 05:59,
坚持零容忍才能斩断高校性骚扰,15738.0,2024-07-23 05:59,
相柳是笑着死的,15580.0,2024-07-23 05:59,
宁艺卓说第一次在中国签售,15549.0,2024-07-23 05:59,
蒋敦豪发长文回应,263807.0,2024-07-23 06:15,
从严从快处理师德失范行为,170502.0,2024-07-23 06:15,
神十八乘组太空出差能有多充实,19248.0,2024-07-23 06:15,
拜登退选至少有两重原因,96695.0,2024-07-23 06:15,
中方决定取消对美国卫讯公司的反制措施,90630.0,2024-07-23 06:15,
种地吧成员支持蒋敦豪,116954.0,2024-07-23 06:15,
李梦 穿的不错下次别穿了,92182.0,2024-07-23 06:15,
相柳战死,71145.0,2024-07-23 06:15,
人大王某某被开除党籍,67800.0,2024-07-23 06:15,
拜登退选后的可能继任者,22347.0,2024-07-23 06:15,
老年男明星 性侵女服务员,389231.0,2024-07-23 06:15,
女子称因学历低被判去高危妊娠门诊,213056.0,2024-07-23 06:15,
人大通报王某某性骚扰,170413.0,2024-07-23 06:15,
清华教授解读自愿弹性延迟退休原则,113912.0,2024-07-23 06:15,
空空日记人设,87490.0,2024-07-23 06:15,
男子猥亵被拘13天父亲向受害者求情,69756.0,2024-07-23 06:15,
女子折叠凳掉福宝场地被终身禁入,56960.0,2024-07-23 06:15,
90后男女都65岁以后退休系网民推估,56329.0,2024-07-23 06:15,
空空日记掉粉超100万,54808.0,2024-07-23 06:15,
奶茶30元时代已成过去,45515.0,2024-07-23 06:15,
游泳时千万别穿白色泳衣,43808.0,2024-07-23 06:15,
宗馥莉已接手父亲名下多家公司,43562.0,2024-07-23 06:15,
郑州暴雨,42964.0,2024-07-23 06:15,
秦岚 我不会和前任做朋友,42483.0,2024-07-23 06:15,
一句警察叔叔我好饿小孩哥成功蹭到了,38703.0,2024-07-23 06:15,
田曦薇财阀千金,33690.0,2024-07-23 06:15,
原来慈禧太后的卧室长这样,33354.0,2024-07-23 06:15,
胡先煦曾参加过封神试镜,31500.0,2024-07-23 06:15,
中国人民大学声明,30765.0,2024-07-23 06:15,
人大女博士举报情况属实,30616.0,2024-07-23 06:15,
人民网评人大清理害群之马,30591.0,2024-07-23 06:15,
苹果手表被曝运动记录无中生有,30052.0,2024-07-23 06:15,
优衣库和中国消费者都说对方变了,29554.0,2024-07-23 06:15,
肖战宋威龙同款,29149.0,2024-07-23 06:15,
婚礼上被喷酒新娘霸气眼神杀,28143.0,2024-07-23 06:15,
杨紫长相思2最后一个镜头,28083.0,2024-07-23 06:15,
四川眉山千人共吃超大火锅,27082.0,2024-07-23 06:15,
郑州局部暴雨超100毫米,26883.0,2024-07-23 06:15,
gidle方道歉,26172.0,2024-07-23 06:15,
金智媛化妆师秒删ins,25577.0,2024-07-23 06:15,
肖战陈情令人物曲上线五周年,25238.0,2024-07-23 06:15,
用山东方言说唱呼叫山东舰,24850.0,2024-07-23 06:15,
BBA退出价格战涨了多少,23953.0,2024-07-23 06:15,
巴黎奥运吉祥物会按奖牌颜色颁发,20779.0,2024-07-23 06:15,
宁艺卓说第一次在中国签售,19136.0,2024-07-23 06:15,
坚持零容忍才能斩断高校性骚扰,18670.0,2024-07-23 06:15,
咒术回战 要不还是别画了,18517.0,2024-07-23 06:15,
李昊 十个勤天永远是十个勤天,18472.0,2024-07-23 06:15,
毛球,18440.0,2024-07-23 06:15,
遇到性骚扰请勇敢说不,17944.0,2024-07-23 06:15,
蒋敦豪发长文回应,329405.0,2024-07-23 06:30,
从严从快处理师德失范行为,204631.0,2024-07-23 06:30,
神十八乘组太空出差能有多充实,19732.0,2024-07-23 06:30,
中方决定取消对美国卫讯公司的反制措施,115673.0,2024-07-23 06:30,
拜登退选至少有两重原因,112782.0,2024-07-23 06:30,
种地吧成员支持蒋敦豪,155190.0,2024-07-23 06:30,
李梦 穿的不错下次别穿了,143487.0,2024-07-23 06:30,
相柳战死,86960.0,2024-07-23 06:30,
人大王某某被开除党籍,86008.0,2024-07-23 06:30,
拜登退选后的可能继任者,20136.0,2024-07-23 06:30,
老年男明星 性侵女服务员,501838.0,2024-07-23 06:30,
女子称因学历低被判去高危妊娠门诊,286161.0,2024-07-23 06:30,
人大通报王某某性骚扰,204580.0,2024-07-23 06:30,
清华教授解读自愿弹性延迟退休原则,140540.0,2024-07-23 06:30,
空空日记人设,106472.0,2024-07-23 06:30,
男子猥亵被拘13天父亲向受害者求情,83188.0,2024-07-23 06:30,
女子折叠凳掉福宝场地被终身禁入,69934.0,2024-07-23 06:30,
90后男女都65岁以后退休系网民推估,66996.0,2024-07-23 06:30,
一句警察叔叔我好饿小孩哥成功蹭到了,56419.0,2024-07-23 06:30,
奶茶30元时代已成过去,53873.0,2024-07-23 06:30,
宗馥莉已接手父亲名下多家公司,51183.0,2024-07-23 06:30,
秦岚 我不会和前任做朋友,50427.0,2024-07-23 06:30,
郑州暴雨,50176.0,2024-07-23 06:30,
游泳时千万别穿白色泳衣,48800.0,2024-07-23 06:30,
田曦薇财阀千金,47903.0,2024-07-23 06:30,
空空日记掉粉超100万,47612.0,2024-07-23 06:30,
原来慈禧太后的卧室长这样,41924.0,2024-07-23 06:30,
婚礼上被喷酒新娘霸气眼神杀,38830.0,2024-07-23 06:30,
人民网评人大清理害群之马,36613.0,2024-07-23 06:30,
中国人民大学声明,36185.0,2024-07-23 06:30,
人大女博士举报情况属实,36062.0,2024-07-23 06:30,
优衣库和中国消费者都说对方变了,35929.0,2024-07-23 06:30,
肖战宋威龙同款,35886.0,2024-07-23 06:30,
苹果手表被曝运动记录无中生有,35379.0,2024-07-23 06:30,
胡先煦曾参加过封神试镜,34188.0,2024-07-23 06:30,
四川眉山千人共吃超大火锅,32968.0,2024-07-23 06:30,
gidle方道歉,28583.0,2024-07-23 06:30,
肖战陈情令人物曲上线五周年,33520.0,2024-07-23 06:30,
郑州局部暴雨超100毫米,28572.0,2024-07-23 06:30,
杨紫长相思2最后一个镜头,28504.0,2024-07-23 06:30,
BBA退出价格战涨了多少,26708.0,2024-07-23 06:30,
用山东方言说唱呼叫山东舰,25762.0,2024-07-23 06:30,
金智媛化妆师秒删ins,25681.0,2024-07-23 06:30,
唐朝诡事录意难平,25006.0,2024-07-23 06:30,
毛球,22359.0,2024-07-23 06:30,
宁艺卓说第一次在中国签售,22000.0,2024-07-23 06:30,
巴黎奥运吉祥物会按奖牌颜色颁发,21971.0,2024-07-23 06:30,
咒术回战 要不还是别画了,21463.0,2024-07-23 06:30,
李昊 十个勤天永远是十个勤天,20726.0,2024-07-23 06:30,
坚持零容忍才能斩断高校性骚扰,20567.0,2024-07-23 06:30,
蒋敦豪发长文回应,374216.0,2024-07-23 06:38,
从严从快处理师德失范行为,234109.0,2024-07-23 06:38,
神十八乘组太空出差能有多充实,21813.0,2024-07-23 06:38,
中方决定取消对美国卫讯公司的反制措施,132890.0,2024-07-23 06:38,
拜登退选至少有两重原因,130420.0,2024-07-23 06:38,
种地吧成员支持蒋敦豪,176705.0,2024-07-23 06:38,
李梦 穿的不错下次别穿了,167313.0,2024-07-23 06:38,
相柳战死,98857.0,2024-07-23 06:38,
人大王某某被开除党籍,95337.0,2024-07-23 06:38,
拜登退选后的可能继任者,21235.0,2024-07-23 06:38,
老年男明星 性侵女服务员,587620.0,2024-07-23 06:38,
女子称因学历低被判去高危妊娠门诊,339138.0,2024-07-23 06:38,
人大通报王某某性骚扰,240769.0,2024-07-23 06:38,
清华教授解读自愿弹性延迟退休原则,161596.0,2024-07-23 06:38,
空空日记人设,115496.0,2024-07-23 06:38,
男子猥亵被拘13天父亲向受害者求情,97112.0,2024-07-23 06:38,
女子折叠凳掉福宝场地被终身禁入,78202.0,2024-07-23 06:38,
90后男女都65岁以后退休系网民推估,73367.0,2024-07-23 06:38,
一句警察叔叔我好饿小孩哥成功蹭到了,62630.0,2024-07-23 06:38,
秦岚 我不会和前任做朋友,60141.0,2024-07-23 06:38,
宗馥莉已接手父亲名下多家公司,57970.0,2024-07-23 06:38,
奶茶30元时代已成过去,56881.0,2024-07-23 06:38,
田曦薇财阀千金,56332.0,2024-07-23 06:38,
郑州暴雨,55632.0,2024-07-23 06:38,
游泳时千万别穿白色泳衣,54328.0,2024-07-23 06:38,
原来慈禧太后的卧室长这样,51526.0,2024-07-23 06:38,
空空日记掉粉超100万,49360.0,2024-07-23 06:38,
婚礼上被喷酒新娘霸气眼神杀,46755.0,2024-07-23 06:38,
中国人民大学声明,41385.0,2024-07-23 06:38,
肖战宋威龙同款,39900.0,2024-07-23 06:38,
人大女博士举报情况属实,38482.0,2024-07-23 06:38,
人民网评人大清理害群之马,38126.0,2024-07-23 06:38,
优衣库和中国消费者都说对方变了,37300.0,2024-07-23 06:38,
苹果手表被曝运动记录无中生有,35567.0,2024-07-23 06:38,
肖战陈情令人物曲上线五周年,39387.0,2024-07-23 06:38,
杨紫长相思2最后一个镜头,35146.0,2024-07-23 06:38,
胡先煦曾参加过封神试镜,34788.0,2024-07-23 06:38,
唐朝诡事录意难平,34309.0,2024-07-23 06:38,
四川眉山千人共吃超大火锅,33286.0,2024-07-23 06:38,
郑州局部暴雨超100毫米,30894.0,2024-07-23 06:38,
金智媛化妆师秒删ins,29820.0,2024-07-23 06:38,
BBA退出价格战涨了多少,28013.0,2024-07-23 06:38,
gidle方道歉,27888.0,2024-07-23 06:38,
用山东方言说唱呼叫山东舰,27228.0,2024-07-23 06:38,
李昊 十个勤天永远是十个勤天,25232.0,2024-07-23 06:38,
毛球,24150.0,2024-07-23 06:38,
咒术回战 要不还是别画了,24051.0,2024-07-23 06:38,
巴黎奥运吉祥物会按奖牌颜色颁发,23940.0,2024-07-23 06:38,
相柳是笑着死的,23710.0,2024-07-23 06:38,
宁艺卓说第一次在中国签售,23019.0,2024-07-23 06:38,
蒋敦豪发长文回应,423618.0,2024-07-23 06:46,
从严从快处理师德失范行为,258299.0,2024-07-23 06:46,
神十八乘组太空出差能有多充实,23417.0,2024-07-23 06:46,
中方决定取消对美国卫讯公司的反制措施,148404.0,2024-07-23 06:46,
拜登退选至少有两重原因,144252.0,2024-07-23 06:46,
种地吧成员支持蒋敦豪,201107.0,2024-07-23 06:46,
李梦 穿的不错下次别穿了,183697.0,2024-07-23 06:46,
相柳战死,109854.0,2024-07-23 06:46,
人大王某某被开除党籍,105605.0,2024-07-23 06:46,
拜登退选后的可能继任者,23263.0,2024-07-23 06:46,
老年男明星 性侵女服务员,656672.0,2024-07-23 06:46,
女子称因学历低被判去高危妊娠门诊,377754.0,2024-07-23 06:46,
人大通报王某某性骚扰,255262.0,2024-07-23 06:46,
清华教授解读自愿弹性延迟退休原则,181514.0,2024-07-23 06:46,
空空日记人设,109937.0,2024-07-23 06:46,
男子猥亵被拘13天父亲向受害者求情,109204.0,2024-07-23 06:46,
女子折叠凳掉福宝场地被终身禁入,88855.0,2024-07-23 06:46,
90后男女都65岁以后退休系网民推估,81035.0,2024-07-23 06:46,
一句警察叔叔我好饿小孩哥成功蹭到了,69562.0,2024-07-23 06:46,
田曦薇财阀千金,66404.0,2024-07-23 06:46,
秦岚 我不会和前任做朋友,65737.0,2024-07-23 06:46,
郑州暴雨,62213.0,2024-07-23 06:46,
奶茶30元时代已成过去,60950.0,2024-07-23 06:46,
宗馥莉已接手父亲名下多家公司,60873.0,2024-07-23 06:46,
原来慈禧太后的卧室长这样,58637.0,2024-07-23 06:46,
婚礼上被喷酒新娘霸气眼神杀,53473.0,2024-07-23 06:46,
游泳时千万别穿白色泳衣,50286.0,2024-07-23 06:46,
空空日记掉粉超100万,49699.0,2024-07-23 06:46,
中国人民大学声明,45549.0,2024-07-23 06:46,
肖战宋威龙同款,44941.0,2024-07-23 06:46,
优衣库和中国消费者都说对方变了,42868.0,2024-07-23 06:46,
人大女博士举报情况属实,40598.0,2024-07-23 06:46,
人民网评人大清理害群之马,40014.0,2024-07-23 06:46,
唐朝诡事录意难平,39914.0,2024-07-23 06:46,
肖战陈情令人物曲上线五周年,41685.0,2024-07-23 06:46,
杨紫长相思2最后一个镜头,38439.0,2024-07-23 06:46,
胡先煦曾参加过封神试镜,37382.0,2024-07-23 06:46,
苹果手表被曝运动记录无中生有,37339.0,2024-07-23 06:46,
金智媛化妆师秒删ins,35792.0,2024-07-23 06:46,
四川眉山千人共吃超大火锅,32189.0,2024-07-23 06:46,
郑州局部暴雨超100毫米,31159.0,2024-07-23 06:46,
BBA退出价格战涨了多少,30906.0,2024-07-23 06:46,
gidle方道歉,30245.0,2024-07-23 06:46,
李昊 十个勤天永远是十个勤天,27677.0,2024-07-23 06:46,
用山东方言说唱呼叫山东舰,27419.0,2024-07-23 06:46,
毛球,26718.0,2024-07-23 06:46,
咒术回战 要不还是别画了,26057.0,2024-07-23 06:46,
相柳是笑着死的,25883.0,2024-07-23 06:46,
巴黎奥运吉祥物会按奖牌颜色颁发,25322.0,2024-07-23 06:46,
宁艺卓说第一次在中国签售,24449.0,2024-07-23 06:46,
蒋敦豪发长文回应,477582.0,2024-07-23 06:54,
中方决定取消对美国卫讯公司的反制措施,167509.0,2024-07-23 06:54,
神十八乘组太空出差能有多充实,27209.0,2024-07-23 06:54,
拜登退选至少有两重原因,160878.0,2024-07-23 06:54,
女子折叠凳掉福宝场地被终身禁入,100282.0,2024-07-23 06:54,
种地吧成员支持蒋敦豪,227476.0,2024-07-23 06:54,
李梦 穿的不错下次别穿了,201386.0,2024-07-23 06:54,
相柳战死,123439.0,2024-07-23 06:54,
一句警察叔叔我好饿小孩哥成功蹭到了,81694.0,2024-07-23 06:54,
拜登退选后的可能继任者,23083.0,2024-07-23 06:54,
老年男明星 性侵女服务员,744982.0,2024-07-23 06:54,
女子称因学历低被判去高危妊娠门诊,404568.0,2024-07-23 06:54,
人大通报王某某性骚扰,285357.0,2024-07-23 06:54,
清华教授解读自愿弹性延迟退休原则,211913.0,2024-07-23 06:54,
男子猥亵被拘13天父亲向受害者求情,123608.0,2024-07-23 06:54,
空空日记人设,111594.0,2024-07-23 06:54,
90后男女都65岁以后退休系网民推估,93665.0,2024-07-23 06:54,
从严从快处理师德失范行为,272165.0,2024-07-23 06:54,
田曦薇财阀千金,82700.0,2024-07-23 06:54,
郑州暴雨,69453.0,2024-07-23 06:54,
秦岚 我不会和前任做朋友,69110.0,2024-07-23 06:54,
人大王某某被开除党籍,115481.0,2024-07-23 06:54,
宗馥莉已接手父亲名下多家公司,68206.0,2024-07-23 06:54,
原来慈禧太后的卧室长这样,65568.0,2024-07-23 06:54,
奶茶30元时代已成过去,61472.0,2024-07-23 06:54,
婚礼上被喷酒新娘霸气眼神杀,59151.0,2024-07-23 06:54,
游泳时千万别穿白色泳衣,51456.0,2024-07-23 06:54,
空空日记掉粉超100万,51147.0,2024-07-23 06:54,
肖战宋威龙同款,48608.0,2024-07-23 06:54,
优衣库和中国消费者都说对方变了,48035.0,2024-07-23 06:54,
唐朝诡事录意难平,47878.0,2024-07-23 06:54,
杨紫长相思2最后一个镜头,44004.0,2024-07-23 06:54,
苹果手表被曝运动记录无中生有,40507.0,2024-07-23 06:54,
肖战陈情令人物曲上线五周年,47700.0,2024-07-23 06:54,
中国人民大学声明,50559.0,2024-07-23 06:54,
gidle方道歉,38528.0,2024-07-23 06:54,
胡先煦曾参加过封神试镜,37830.0,2024-07-23 06:54,
人大女博士举报情况属实,42285.0,2024-07-23 06:54,
人民网评人大清理害群之马,43315.0,2024-07-23 06:54,
金智媛化妆师秒删ins,33341.0,2024-07-23 06:54,
郑州局部暴雨超100毫米,32963.0,2024-07-23 06:54,
BBA退出价格战涨了多少,32717.0,2024-07-23 06:54,
四川眉山千人共吃超大火锅,32267.0,2024-07-23 06:54,
相柳是笑着死的,31062.0,2024-07-23 06:54,
李昊 十个勤天永远是十个勤天,30704.0,2024-07-23 06:54,
巴黎奥运吉祥物会按奖牌颜色颁发,30164.0,2024-07-23 06:54,
用山东方言说唱呼叫山东舰,28918.0,2024-07-23 06:54,
咒术回战 要不还是别画了,28095.0,2024-07-23 06:54,
毛球,27200.0,2024-07-23 06:54,
宁艺卓说第一次在中国签售,26880.0,2024-07-23 06:54,
蒋敦豪发长文回应,617001.0,2024-07-23 07:07,
中方决定取消对美国卫讯公司的反制措施,256476.0,2024-07-23 07:07,
神十八乘组太空出差能有多充实,36588.0,2024-07-23 07:07,
拜登退选至少有两重原因,221538.0,2024-07-23 07:07,
女子折叠凳掉福宝场地被终身禁入,188164.0,2024-07-23 07:07,
种地吧成员支持蒋敦豪,291929.0,2024-07-23 07:07,
李梦 穿的不错下次别穿了,207673.0,2024-07-23 07:07,
相柳战死,164894.0,2024-07-23 07:07,
一句警察叔叔我好饿小孩哥成功蹭到了,136159.0,2024-07-23 07:07,
郑州暴雨,102184.0,2024-07-23 07:07,
老年男明星 性侵女服务员,1039559.0,2024-07-23 07:07,
女子称因学历低被判去高危妊娠门诊,544363.0,2024-07-23 07:07,
人大通报王某某性骚扰,417023.0,2024-07-23 07:07,
清华教授解读自愿弹性延迟退休原则,290247.0,2024-07-23 07:07,
空空日记人设,157727.0,2024-07-23 07:07,
男子猥亵被拘13天父亲向受害者求情,155230.0,2024-07-23 07:07,
90后男女都65岁以后退休系网民推估,137450.0,2024-07-23 07:07,
感觉檀健次工作室在哄我们,130893.0,2024-07-23 07:07,
田曦薇财阀千金,101616.0,2024-07-23 07:07,
宗馥莉已接手父亲名下多家公司,85388.0,2024-07-23 07:07,
秦岚 我不会和前任做朋友,85881.0,2024-07-23 07:07,
婚礼上被喷酒新娘霸气眼神杀,78809.0,2024-07-23 07:07,
原来慈禧太后的卧室长这样,78545.0,2024-07-23 07:07,
唐朝诡事录意难平,67653.0,2024-07-23 07:07,
货车侧翻4男子车流中砸窗救出父子,35824.0,2024-07-23 07:07,
肖战陈情令人物曲上线五周年,66120.0,2024-07-23 07:07,
奶茶30元时代已成过去,64937.0,2024-07-23 07:07,
空空日记掉粉超100万,63027.0,2024-07-23 07:07,
优衣库和中国消费者都说对方变了,54527.0,2024-07-23 07:07,
游泳时千万别穿白色泳衣,53618.0,2024-07-23 07:07,
肖战宋威龙同款,53138.0,2024-07-23 07:07,
苹果手表被曝运动记录无中生有,51717.0,2024-07-23 07:07,
杨紫长相思2最后一个镜头,49876.0,2024-07-23 07:07,
胡先煦曾参加过封神试镜,46927.0,2024-07-23 07:07,
gidle方道歉,45419.0,2024-07-23 07:07,
BBA退出价格战涨了多少,39314.0,2024-07-23 07:07,
李昊 十个勤天永远是十个勤天,38782.0,2024-07-23 07:07,
拜登退选后的可能继任者,38472.0,2024-07-23 07:07,
郑州局部暴雨超100毫米,37315.0,2024-07-23 07:07,
相柳是笑着死的,36439.0,2024-07-23 07:07,
四川眉山千人共吃超大火锅,36096.0,2024-07-23 07:07,
毛球,36054.0,2024-07-23 07:07,
宁艺卓说第一次在中国签售,35370.0,2024-07-23 07:07,
金智媛化妆师秒删ins,35336.0,2024-07-23 07:07,
咒术回战 要不还是别画了,34948.0,2024-07-23 07:07,
用山东方言说唱呼叫山东舰,32697.0,2024-07-23 07:07,
巴黎奥运吉祥物会按奖牌颜色颁发,32177.0,2024-07-23 07:07,
天秤座的情绪周期,30900.0,2024-07-23 07:07,
相柳一个故人的死讯,28762.0,2024-07-23 07:07,
第一批打司美格鲁肽的人已被反弹劝退,24929.0,2024-07-23 07:07,
蒋敦豪发长文回应,772192.0,2024-07-23 07:23,
儿子给妈妈缠了1把扇子后暑假没了,654877.0,2024-07-23 07:23,
神十八乘组太空出差能有多充实,45660.0,2024-07-23 07:23,
中方决定取消对美国卫讯公司的反制措施,396782.0,2024-07-23 07:23,
女子折叠凳掉福宝场地被终身禁入,304349.0,2024-07-23 07:23,
种地吧成员支持蒋敦豪,385746.0,2024-07-23 07:23,
拜登退选至少有两重原因,279150.0,2024-07-23 07:23,
李梦 穿的不错下次别穿了,268195.0,2024-07-23 07:23,
一句警察叔叔我好饿小孩哥成功蹭到了,203354.0,2024-07-23 07:23,
货车侧翻4男子车流中砸窗救出父子,27200.0,2024-07-23 07:23,
老年男明星 性侵女服务员,1218223.0,2024-07-23 07:23,
女子称因学历低被判去高危妊娠门诊,715529.0,2024-07-23 07:23,
杭州女生高考602分去职业技术大学,504922.0,2024-07-23 07:23,
人大通报王某某性骚扰,481617.0,2024-07-23 07:23,
清华教授解读自愿弹性延迟退休原则,383308.0,2024-07-23 07:23,
空空日记人设,199439.0,2024-07-23 07:23,
相柳战死,199240.0,2024-07-23 07:23,
男子猥亵被拘13天父亲向受害者求情,179878.0,2024-07-23 07:23,
90后男女都65岁以后退休系网民推估,174121.0,2024-07-23 07:23,
感觉檀健次工作室在哄我们,165406.0,2024-07-23 07:23,
苗苗说没想到郑恺会这么靠谱,188915.0,2024-07-23 07:23,
田曦薇财阀千金,121381.0,2024-07-23 07:23,
郑州暴雨,117773.0,2024-07-23 07:23,
宗馥莉已接手父亲名下多家公司,113006.0,2024-07-23 07:23,
秦岚 我不会和前任做朋友,111857.0,2024-07-23 07:23,
警方介入王某某性骚扰事件,95284.0,2024-07-23 07:23,
原来慈禧太后的卧室长这样,92157.0,2024-07-23 07:23,
婚礼上被喷酒新娘霸气眼神杀,91206.0,2024-07-23 07:23,
奶茶30元时代已成过去,90325.0,2024-07-23 07:23,
唐朝诡事录意难平,83948.0,2024-07-23 07:23,
肖战陈情令人物曲上线五周年,81383.0,2024-07-23 07:23,
gidle方道歉,69362.0,2024-07-23 07:23,
空空日记掉粉超100万,67648.0,2024-07-23 07:23,
优衣库和中国消费者都说对方变了,67341.0,2024-07-23 07:23,
作者联合抵制番茄小说AI协议,65409.0,2024-07-23 07:23,
苹果手表被曝运动记录无中生有,65054.0,2024-07-23 07:23,
杨紫长相思2最后一个镜头,65022.0,2024-07-23 07:23,
游泳时千万别穿白色泳衣,64904.0,2024-07-23 07:23,
第一批打司美格鲁肽的人已被反弹劝退,64214.0,2024-07-23 07:23,
胡先煦曾参加过封神试镜,60886.0,2024-07-23 07:23,
清华教授为人大女博士事件发声,55698.0,2024-07-23 07:23,
早期肝癌5年生存率高达80%以上,55416.0,2024-07-23 07:23,
北京300万元以下老破小成交放大,55279.0,2024-07-23 07:23,
全红婵三次满分跳水,54322.0,2024-07-23 07:23,
45岁大龄妈妈费尽心思混进家长群,54285.0,2024-07-23 07:23,
肖战宋威龙同款,53032.0,2024-07-23 07:23,
李昊 十个勤天永远是十个勤天,52264.0,2024-07-23 07:23,
卢昱晓爸爸不理解但是情绪价值给满,50930.0,2024-07-23 07:23,
BBA退出价格战涨了多少,48569.0,2024-07-23 07:23,
新发房贷利率处历史最低水平,45717.0,2024-07-23 07:23,
儿子给妈妈缠了1把扇子后暑假没了,852340.0,2024-07-23 07:30,
蒋敦豪发长文回应,845833.0,2024-07-23 07:30,
神十八乘组太空出差能有多充实,48024.0,2024-07-23 07:30,
杭州女生高考602分去职业技术大学,667102.0,2024-07-23 07:30,
中方决定取消对美国卫讯公司的反制措施,426073.0,2024-07-23 07:30,
女子折叠凳掉福宝场地被终身禁入,344711.0,2024-07-23 07:30,
种地吧成员支持蒋敦豪,435619.0,2024-07-23 07:30,
拜登退选至少有两重原因,311548.0,2024-07-23 07:30,
李梦 穿的不错下次别穿了,260695.0,2024-07-23 07:30,
货车侧翻4男子车流中砸窗救出父子,25407.0,2024-07-23 07:30,
老年男明星 性侵女服务员,1318715.0,2024-07-23 07:30,
女子称因学历低被判去高危妊娠门诊,785051.0,2024-07-23 07:30,
人大通报王某某性骚扰,507548.0,2024-07-23 07:30,
清华教授解读自愿弹性延迟退休原则,402541.0,2024-07-23 07:30,
空空日记人设,207558.0,2024-07-23 07:30,
一句警察叔叔我好饿小孩哥成功蹭到了,206908.0,2024-07-23 07:30,
男子猥亵被拘13天父亲向受害者求情,187142.0,2024-07-23 07:30,
90后男女都65岁以后退休系网民推估,181789.0,2024-07-23 07:30,
成毅李莲花李相夷,180749.0,2024-07-23 07:30,
清华教授为人大女博士事件发声,170617.0,2024-07-23 07:30,
苗苗说没想到郑恺会这么靠谱,259909.0,2024-07-23 07:30,
感觉檀健次工作室在哄我们,168814.0,2024-07-23 07:30,
相柳战死,156894.0,2024-07-23 07:30,
警方介入王某某性骚扰事件,143011.0,2024-07-23 07:30,
卢昱晓爸爸不理解但是情绪价值给满,132604.0,2024-07-23 07:30,
郑州暴雨,128349.0,2024-07-23 07:30,
秦岚 我不会和前任做朋友,117447.0,2024-07-23 07:30,
婚礼上被喷酒新娘霸气眼神杀,107060.0,2024-07-23 07:30,
宗馥莉已接手父亲名下多家公司,103895.0,2024-07-23 07:30,
田曦薇财阀千金,103708.0,2024-07-23 07:30,
原来慈禧太后的卧室长这样,101187.0,2024-07-23 07:30,
奶茶30元时代已成过去,92815.0,2024-07-23 07:30,
作者联合抵制番茄小说AI协议,87202.0,2024-07-23 07:30,
gidle方道歉,85369.0,2024-07-23 07:30,
肖战陈情令人物曲上线五周年,84791.0,2024-07-23 07:30,
唐朝诡事录意难平,82660.0,2024-07-23 07:30,
第一批打司美格鲁肽的人已被反弹劝退,81989.0,2024-07-23 07:30,
游泳时千万别穿白色泳衣,75212.0,2024-07-23 07:30,
早期肝癌5年生存率高达80%以上,74208.0,2024-07-23 07:30,
杨紫长相思2最后一个镜头,74162.0,2024-07-23 07:30,
优衣库和中国消费者都说对方变了,72653.0,2024-07-23 07:30,
苹果手表被曝运动记录无中生有,71997.0,2024-07-23 07:30,
胡先煦曾参加过封神试镜,71053.0,2024-07-23 07:30,
北京300万元以下老破小成交放大,66851.0,2024-07-23 07:30,
45岁大龄妈妈费尽心思混进家长群,66376.0,2024-07-23 07:30,
空空日记掉粉超100万,64966.0,2024-07-23 07:30,
双鱼座是一个越失控越理智的人,62803.0,2024-07-23 07:30,
Nike宣传片舔乒乓球拍引热议,58507.0,2024-07-23 07:30,
泰国运动员喊话想吃豆角焖面,58259.0,2024-07-23 07:30,
李昊 十个勤天永远是十个勤天,58072.0,2024-07-23 07:30,
儿子给妈妈缠了1把扇子后暑假没了,1194451.0,2024-07-23 07:39,
杭州女生高考602分去职业技术大学,932521.0,2024-07-23 07:39,
神十八乘组太空出差能有多充实,53635.0,2024-07-23 07:39,
蒋敦豪发长文回应,900748.0,2024-07-23 07:39,
中方决定取消对美国卫讯公司的反制措施,448404.0,2024-07-23 07:39,
清华教授为人大女博士事件发声,412312.0,2024-07-23 07:39,
女子折叠凳掉福宝场地被终身禁入,365702.0,2024-07-23 07:39,
拜登退选至少有两重原因,312383.0,2024-07-23 07:39,
种地吧成员支持蒋敦豪,474482.0,2024-07-23 07:39,
李梦 穿的不错下次别穿了,281264.0,2024-07-23 07:39,
老年男明星 性侵女服务员,1427991.0,2024-07-23 07:39,
女子称因学历低被判去高危妊娠门诊,809864.0,2024-07-23 07:39,
Nike宣传片舔乒乓球拍引热议,219026.0,2024-07-23 07:39,
成毅李莲花李相夷,253228.0,2024-07-23 07:39,
人大通报王某某性骚扰,554554.0,2024-07-23 07:39,
清华教授解读自愿弹性延迟退休原则,427329.0,2024-07-23 07:39,
空空日记人设,233710.0,2024-07-23 07:39,
一句警察叔叔我好饿小孩哥成功蹭到了,216078.0,2024-07-23 07:39,
警方介入王某某性骚扰事件,209834.0,2024-07-23 07:39,
90后男女都65岁以后退休系网民推估,209539.0,2024-07-23 07:39,
苗苗说没想到郑恺会这么靠谱,359584.0,2024-07-23 07:39,
卢昱晓爸爸不理解但是情绪价值给满,192849.0,2024-07-23 07:39,
货车侧翻4男子车流中砸窗救出父子,34944.0,2024-07-23 07:39,
男子猥亵被拘13天父亲向受害者求情,183776.0,2024-07-23 07:39,
感觉檀健次工作室在哄我们,180758.0,2024-07-23 07:39,
相柳战死,141315.0,2024-07-23 07:39,
秦岚 我不会和前任做朋友,133080.0,2024-07-23 07:39,
郑州暴雨,117807.0,2024-07-23 07:39,
田曦薇财阀千金,116211.0,2024-07-23 07:39,
婚礼上被喷酒新娘霸气眼神杀,114801.0,2024-07-23 07:39,
巴黎奥运3天倒计时,173561.0,2024-07-23 07:39,
被开除解聘的人大教授还有退休金吗,149053.0,2024-07-23 07:39,
作者联合抵制番茄小说AI协议,110272.0,2024-07-23 07:39,
原来慈禧太后的卧室长这样,103094.0,2024-07-23 07:39,
宗馥莉已接手父亲名下多家公司,102468.0,2024-07-23 07:39,
奶茶30元时代已成过去,98658.0,2024-07-23 07:39,
第一批打司美格鲁肽的人已被反弹劝退,98304.0,2024-07-23 07:39,
早期肝癌5年生存率高达80%以上,98058.0,2024-07-23 07:39,
gidle方道歉,93030.0,2024-07-23 07:39,
肖战陈情令人物曲上线五周年,92732.0,2024-07-23 07:39,
北京300万元以下老破小成交放大,85841.0,2024-07-23 07:39,
45岁大龄妈妈费尽心思混进家长群,84787.0,2024-07-23 07:39,
唐朝诡事录意难平,83126.0,2024-07-23 07:39,
苹果手表被曝运动记录无中生有,81521.0,2024-07-23 07:39,
全红婵三次满分跳水,80763.0,2024-07-23 07:39,
杨紫长相思2最后一个镜头,78649.0,2024-07-23 07:39,
游泳时千万别穿白色泳衣,78604.0,2024-07-23 07:39,
双鱼座是一个越失控越理智的人,78392.0,2024-07-23 07:39,
胡先煦曾参加过封神试镜,74051.0,2024-07-23 07:39,
优衣库和中国消费者都说对方变了,66939.0,2024-07-23 07:39,
儿子给妈妈缠了1把扇子后暑假没了,1505942.0,2024-07-23 07:46,
杭州女生高考602分去职业技术大学,1080216.0,2024-07-23 07:46,
神十八乘组太空出差能有多充实,50157.0,2024-07-23 07:46,
蒋敦豪发长文回应,911463.0,2024-07-23 07:46,
清华教授为人大女博士事件发声,762611.0,2024-07-23 07:46,
Nike宣传片舔乒乓球拍引热议,569649.0,2024-07-23 07:46,
中方决定取消对美国卫讯公司的反制措施,478121.0,2024-07-23 07:46,
成毅李莲花李相夷,395092.0,2024-07-23 07:46,
种地吧成员支持蒋敦豪,511436.0,2024-07-23 07:46,
拜登退选至少有两重原因,326475.0,2024-07-23 07:46,
老年男明星 性侵女服务员,1468759.0,2024-07-23 07:46,
女子称因学历低被判去高危妊娠门诊,805007.0,2024-07-23 07:46,
女子折叠凳掉福宝场地被终身禁入,391282.0,2024-07-23 07:46,
人大通报王某某性骚扰,619462.0,2024-07-23 07:46,
清华教授解读自愿弹性延迟退休原则,411972.0,2024-07-23 07:46,
李梦 穿的不错下次别穿了,284659.0,2024-07-23 07:46,
警方介入王某某性骚扰事件,268929.0,2024-07-23 07:46,
空空日记人设,244077.0,2024-07-23 07:46,
90后男女都65岁以后退休系网民推估,228526.0,2024-07-23 07:46,
一句警察叔叔我好饿小孩哥成功蹭到了,215445.0,2024-07-23 07:46,
苗苗说没想到郑恺会这么靠谱,422062.0,2024-07-23 07:46,
卢昱晓爸爸不理解但是情绪价值给满,216180.0,2024-07-23 07:46,
巴黎奥运3天倒计时,188087.0,2024-07-23 07:46,
感觉檀健次工作室在哄我们,185728.0,2024-07-23 07:46,
男子猥亵被拘13天父亲向受害者求情,176561.0,2024-07-23 07:46,
田曦薇财阀千金,141853.0,2024-07-23 07:46,
作者联合抵制番茄小说AI协议,137855.0,2024-07-23 07:46,
相柳战死,133459.0,2024-07-23 07:46,
秦岚 我不会和前任做朋友,130844.0,2024-07-23 07:46,
婚礼上被喷酒新娘霸气眼神杀,121839.0,2024-07-23 07:46,
被开除解聘的人大教授还有退休金吗,248395.0,2024-07-23 07:46,
早期肝癌5年生存率高达80%以上,113662.0,2024-07-23 07:46,
郑州暴雨,110871.0,2024-07-23 07:46,
45岁大龄妈妈费尽心思混进家长群,105847.0,2024-07-23 07:46,
宗馥莉已接手父亲名下多家公司,104547.0,2024-07-23 07:46,
原来慈禧太后的卧室长这样,103347.0,2024-07-23 07:46,
北京300万元以下老破小成交放大,103045.0,2024-07-23 07:46,
第一批打司美格鲁肽的人已被反弹劝退,102293.0,2024-07-23 07:46,
奶茶30元时代已成过去,98245.0,2024-07-23 07:46,
gidle方道歉,97436.0,2024-07-23 07:46,
双鱼座是一个越失控越理智的人,93487.0,2024-07-23 07:46,
全红婵三次满分跳水,93160.0,2024-07-23 07:46,
肖战陈情令人物曲上线五周年,90345.0,2024-07-23 07:46,
苹果手表被曝运动记录无中生有,89717.0,2024-07-23 07:46,
游泳时千万别穿白色泳衣,82858.0,2024-07-23 07:46,2024-1-26:7:23:49
唐朝诡事录意难平,80398.0,2024-07-23 07:46,2024-1-26:7:23:49
胡先煦曾参加过封神试镜,80063.0,2024-07-23 07:46,2024-1-26:7:23:49
杨紫长相思2最后一个镜头,73081.0,2024-07-23 07:46,2024-1-26:7:23:49
志愿者说巴黎不热不需要空调,69670.0,2024-07-23 07:46,2024-1-26:7:23:49
优衣库和中国消费者都说对方变了,68915.0,2024-07-23 07:46,2024-1-26:7:23:49
儿子给妈妈缠了1把扇子后暑假没了,1691263.0,2024-07-23 07:54,2024-1-26:7:31:38
清华教授为人大女博士事件发声,1172654.0,2024-07-23 07:54,2024-1-26:7:31:38
神十八乘组太空出差能有多充实,51805.0,2024-07-23 07:54,2024-1-26:7:31:38
杭州女生高考602分去职业技术大学,1131475.0,2024-07-23 07:54,2024-1-26:7:31:38
Nike宣传片舔乒乓球拍引热议,1035714.0,2024-07-23 07:54,2024-1-26:7:31:38
蒋敦豪发长文回应,948341.0,2024-07-23 07:54,2024-1-26:7:31:38
成毅李莲花李相夷,510802.0,2024-07-23 07:54,2024-1-26:7:31:38
中方决定取消对美国卫讯公司的反制措施,483870.0,2024-07-23 07:54,2024-1-26:7:31:38
女子折叠凳掉福宝场地被终身禁入,379927.0,2024-07-23 07:54,2024-1-26:7:31:38
拜登退选至少有两重原因,299817.0,2024-07-23 07:54,2024-1-26:7:31:38
老年男明星 性侵女服务员,1504459.0,2024-07-23 07:54,2024-1-26:7:31:38
女子称因学历低被判去高危妊娠门诊,820610.0,2024-07-23 07:54,2024-1-26:7:31:38
人大通报王某某性骚扰,706964.0,2024-07-23 07:54,2024-1-26:7:31:38
种地吧成员支持蒋敦豪,542339.0,2024-07-23 07:54,2024-1-26:7:31:38
清华教授解读自愿弹性延迟退休原则,419146.0,2024-07-23 07:54,2024-1-26:7:31:38
被开除解聘的人大教授还有退休金吗,339661.0,2024-07-23 07:54,2024-1-26:7:31:38
警方介入王某某性骚扰事件,298982.0,2024-07-23 07:54,2024-1-26:7:31:38
空空日记人设,268118.0,2024-07-23 07:54,2024-1-26:7:31:38
李梦 穿的不错下次别穿了,264209.0,2024-07-23 07:54,2024-1-26:7:31:38
90后男女都65岁以后退休系网民推估,246111.0,2024-07-23 07:54,2024-1-26:7:31:38
苗苗说没想到郑恺会这么靠谱,460595.0,2024-07-23 07:54,2024-1-26:7:31:38
卢昱晓爸爸不理解但是情绪价值给满,243755.0,2024-07-23 07:54,2024-1-26:7:31:38
一句警察叔叔我好饿小孩哥成功蹭到了,199108.0,2024-07-23 07:54,2024-1-26:7:31:38
感觉檀健次工作室在哄我们,189940.0,2024-07-23 07:54,2024-1-26:7:31:38
巴黎奥运3天倒计时,186294.0,2024-07-23 07:54,2024-1-26:7:31:38
男子猥亵被拘13天父亲向受害者求情,180002.0,2024-07-23 07:54,2024-1-26:7:31:38
作者联合抵制番茄小说AI协议,159087.0,2024-07-23 07:54,2024-1-26:7:31:38
田曦薇财阀千金,144071.0,2024-07-23 07:54,2024-1-26:7:31:38
早期肝癌5年生存率高达80%以上,135404.0,2024-07-23 07:54,2024-1-26:7:31:38
莲花楼限免,130625.0,2024-07-23 07:54,2024-1-26:7:31:38
秦岚 我不会和前任做朋友,125448.0,2024-07-23 07:54,2024-1-26:7:31:38
相柳战死,125214.0,2024-07-23 07:54,2024-1-26:7:31:38
北京300万元以下老破小成交放大,123357.0,2024-07-23 07:54,2024-1-26:7:31:38
婚礼上被喷酒新娘霸气眼神杀,123092.0,2024-07-23 07:54,2024-1-26:7:31:38
45岁大龄妈妈费尽心思混进家长群,121656.0,2024-07-23 07:54,2024-1-26:7:31:38
郑州暴雨,110662.0,2024-07-23 07:54,2024-1-26:7:31:38
原来慈禧太后的卧室长这样,108415.0,2024-07-23 07:54,2024-1-26:7:31:38
第一批打司美格鲁肽的人已被反弹劝退,105845.0,2024-07-23 07:54,2024-1-26:7:31:38
宗馥莉已接手父亲名下多家公司,105324.0,2024-07-23 07:54,2024-1-26:7:31:38
全红婵三次满分跳水,101422.0,2024-07-23 07:54,2024-1-26:7:31:38
gidle方道歉,101032.0,2024-07-23 07:54,2024-1-26:7:31:38
奶茶30元时代已成过去,96577.0,2024-07-23 07:54,2024-1-26:7:31:38
志愿者说巴黎不热不需要空调,94755.0,2024-07-23 07:54,2024-1-26:7:31:38
65岁退休,93867.0,2024-07-23 07:54,2024-1-26:7:31:38
双鱼座是一个越失控越理智的人,93724.0,2024-07-23 07:54,2024-1-26:7:31:38
苹果手表被曝运动记录无中生有,92401.0,2024-07-23 07:54,2024-1-26:7:31:38
肖战陈情令人物曲上线五周年,90803.0,2024-07-23 07:54,2024-1-26:7:31:38
杨紫长相思2最后一个镜头,88331.0,2024-07-23 07:54,2024-1-26:7:31:38
唐朝诡事录意难平,86512.0,2024-07-23 07:54,2024-1-26:7:31:38
胡先煦曾参加过封神试镜,83518.0,2024-07-23 07:54,2024-1-26:7:31:38
种地吧导演致歉,2835689.0,2024-07-23 08:34,2024-1-26:7:39:35
Nike宣传片舔乒乓球拍引热议,1990828.0,2024-07-23 08:34,2024-1-26:7:39:35
暑期档电影票房破60亿,35745.0,2024-07-23 08:34,2024-1-26:7:39:35
杭州女生高考602分去职业技术大学,1029801.0,2024-07-23 08:34,2024-1-26:7:39:35
女子折叠凳掉福宝场地被终身禁入,400137.0,2024-07-23 08:34,2024-1-26:7:39:35
清华教授为人大女博士事件发声,2211847.0,2024-07-23 08:34,2024-1-26:7:39:35
蒋敦豪发长文回应,1377436.0,2024-07-23 08:34,2024-1-26:7:39:35
警方调查人大教授涉嫌违法情况,324848.0,2024-07-23 08:34,2024-1-26:7:39:35
四川人社回应网传90后得65岁退休,297029.0,2024-07-23 08:34,2024-1-26:7:39:35
小学生照料瘫痪父亲7年梦想学医,29530.0,2024-07-23 08:34,2024-1-26:7:39:35
儿子给妈妈缠了1把扇子后暑假没了,1656263.0,2024-07-23 08:34,2024-1-26:7:39:35
老年男明星 性侵女服务员,1646644.0,2024-07-23 08:34,2024-1-26:7:39:35
被开除解聘的人大教授还有退休金吗,1425902.0,2024-07-23 08:34,2024-1-26:7:39:35
65岁退休,1323955.0,2024-07-23 08:34,2024-1-26:7:39:35
人大通报王某某性骚扰,1038660.0,2024-07-23 08:34,2024-1-26:7:39:35
种地吧成员支持蒋敦豪,692330.0,2024-07-23 08:34,2024-1-26:7:39:35
女子称因学历低被判去高危妊娠门诊,645955.0,2024-07-23 08:34,2024-1-26:7:39:35
成毅李莲花李相夷,574427.0,2024-07-23 08:34,2024-1-26:7:39:35
中方决定取消对美国卫讯公司的反制措施,295618.0,2024-07-23 08:34,2024-1-26:7:39:35
志愿者说巴黎不热不需要空调,443660.0,2024-07-23 08:34,2024-1-26:7:39:35
苗苗说没想到郑恺会这么靠谱,625327.0,2024-07-23 08:34,2024-1-26:7:39:35
莲花楼限免,367337.0,2024-07-23 08:34,2024-1-26:7:39:35
卢昱晓爸爸不理解但是情绪价值给满,356319.0,2024-07-23 08:34,2024-1-26:7:39:35
清华教授解读自愿弹性延迟退休原则,323797.0,2024-07-23 08:34,2024-1-26:7:39:35
十个勤天演唱会舞台事故,244564.0,2024-07-23 08:34,2024-1-26:7:39:35
李梦 穿的不错下次别穿了,238451.0,2024-07-23 08:34,2024-1-26:7:39:35
拜登退选至少有两重原因,231610.0,2024-07-23 08:34,2024-1-26:7:39:35
90后男女都65岁以后退休系网民推估,225640.0,2024-07-23 08:34,2024-1-26:7:39:35
感觉檀健次工作室在哄我们,225300.0,2024-07-23 08:34,2024-1-26:7:39:35
空空日记人设,212544.0,2024-07-23 08:34,2024-1-26:7:39:35
詹姆斯连得11分收比赛,210252.0,2024-07-23 08:34,2024-1-26:7:39:35
早期肝癌5年生存率高达80%以上,198649.0,2024-07-23 08:34,2024-1-26:7:39:35
作者联合抵制番茄小说AI协议,194910.0,2024-07-23 08:34,2024-1-26:7:39:35
一句警察叔叔我好饿小孩哥成功蹭到了,188622.0,2024-07-23 08:34,2024-1-26:7:39:35
田曦薇财阀千金,183341.0,2024-07-23 08:34,2024-1-26:7:39:35
光遇,169347.0,2024-07-23 08:34,2024-1-26:7:39:35
刘诗诗狐妖单人海报,165078.0,2024-07-23 08:34,2024-1-26:7:39:35
北京300万元以下老破小成交放大,158823.0,2024-07-23 08:34,2024-1-26:7:39:35
保安多次在个人号晒女性乘电梯监控,152917.0,2024-07-23 08:34,2024-1-26:7:39:35
男子猥亵被拘13天父亲向受害者求情,131356.0,2024-07-23 08:34,2024-1-26:7:39:35
45岁大龄妈妈费尽心思混进家长群,130250.0,2024-07-23 08:34,2024-1-26:7:39:35
中国游客在大阪遇袭被砍伤,124890.0,2024-07-23 08:34,2024-1-26:7:39:35
苹果手表被曝运动记录无中生有,123648.0,2024-07-23 08:34,2024-1-26:7:39:35
于正回应白鹿贴脸开大,118784.0,2024-07-23 08:34,2024-1-26:7:39:35
gidle方道歉,118487.0,2024-07-23 08:34,2024-1-26:7:39:35
巴黎奥运3天倒计时,115665.0,2024-07-23 08:34,2024-1-26:7:39:35
秦岚 我不会和前任做朋友,115217.0,2024-07-23 08:34,2024-1-26:7:39:35
双鱼座是一个越失控越理智的人,114694.0,2024-07-23 08:34,2024-1-26:7:39:35
甲状腺结节离甲状腺癌还有多远,111497.0,2024-07-23 08:34,2024-1-26:7:39:35
张晚意演技,100067.0,2024-07-23 08:34,2024-1-26:7:39:35
Nike宣传片舔乒乓球拍引热议,1701868.0,2024-07-23 09:48,2024-1-26:7:47:24
教师在产假期间被公示解聘,1486128.0,2024-07-23 09:48,2024-1-26:7:47:24
神十八乘组太空出差能有多充实,49139.0,2024-07-23 09:48,2024-1-26:7:47:24
蒋敦豪发长文回应,1091764.0,2024-07-23 09:48,2024-1-26:7:47:24
种地吧,612096.0,2024-07-23 09:48,2024-1-26:7:47:24
四川人社回应网传90后得65岁退休,601903.0,2024-07-23 09:48,2024-1-26:7:47:24
成毅李莲花李相夷,553881.0,2024-07-23 09:48,2024-1-26:7:47:24
拜登退选后哈里斯首次公开露面,522396.0,2024-07-23 09:48,2024-1-26:7:47:24
种地吧成员支持蒋敦豪,567251.0,2024-07-23 09:48,2024-1-26:7:47:24
中国高中生国际数学奥林匹克竞赛夺金,66225.0,2024-07-23 09:48,2024-1-26:7:47:24
老年男明星 性侵女服务员,1221691.0,2024-07-23 09:48,2024-1-26:7:47:24
俄罗斯至少12名士兵因西瓜被下毒身亡,1091488.0,2024-07-23 09:48,2024-1-26:7:47:24
杭州女生高考602分去职业技术大学,516317.0,2024-07-23 09:48,2024-1-26:7:47:24
65岁退休,1087218.0,2024-07-23 09:48,2024-1-26:7:47:24
人大通报王某某性骚扰,740852.0,2024-07-23 09:48,2024-1-26:7:47:24
在王源手上看到了物理防晒的重要性,501497.0,2024-07-23 09:48,2024-1-26:7:47:24
李梦 穿的不错下次别穿了,428216.0,2024-07-23 09:48,2024-1-26:7:47:24
全红婵说自己头发油到可以炒菜了,382959.0,2024-07-23 09:48,2024-1-26:7:47:24
女子称因学历低被判去高危妊娠门诊,324078.0,2024-07-23 09:48,2024-1-26:7:47:24
11岁男孩自写600多行代码造火箭,281348.0,2024-07-23 09:48,2024-1-26:7:47:24
儿子给妈妈缠了1把扇子后暑假没了,737376.0,2024-07-23 09:48,2024-1-26:7:47:24
大学生9个月减重80斤父母认不出,354104.0,2024-07-23 09:48,2024-1-26:7:47:24
苗苗说没想到郑恺会这么靠谱,311764.0,2024-07-23 09:48,2024-1-26:7:47:24
特朗普自称为下一任美国总统,253787.0,2024-07-23 09:48,2024-1-26:7:47:24
朴彩英首支OST,251205.0,2024-07-23 09:48,2024-1-26:7:47:24
田曦薇财阀千金,237210.0,2024-07-23 09:48,2024-1-26:7:47:24
中国人每周工作时间越来越长,226346.0,2024-07-23 09:48,2024-1-26:7:47:24
于正回应白鹿贴脸开大,216449.0,2024-07-23 09:48,2024-1-26:7:47:24
卢昱晓爸爸不理解但是情绪价值给满,210775.0,2024-07-23 09:48,2024-1-26:7:47:24
中国游客在大阪遇袭被砍伤,210613.0,2024-07-23 09:48,2024-1-26:7:47:24
张晚意演技,204258.0,2024-07-23 09:48,2024-1-26:7:47:24
天津大姨盘头欢迎潘玮柏,194018.0,2024-07-23 09:48,2024-1-26:7:47:24
感觉檀健次工作室在哄我们,198388.0,2024-07-23 09:48,2024-1-26:7:47:24
中国奥运代表团抵达巴黎,190508.0,2024-07-23 09:48,2024-1-26:7:47:24
警方调查人大教授涉嫌违法情况,208102.0,2024-07-23 09:48,2024-1-26:7:47:24
普通家庭没有必要进行苦难教育,189646.0,2024-07-23 09:48,2024-1-26:7:47:24
莲花楼限免,184299.0,2024-07-23 09:48,2024-1-26:7:47:24
空空日记人设,183287.0,2024-07-23 09:48,2024-1-26:7:47:24
保安多次在个人号晒女性乘电梯监控,167823.0,2024-07-23 09:48,2024-1-26:7:47:24
纪凌尘 黄景瑜的十分之一,164596.0,2024-07-23 09:48,2024-1-26:7:47:24
国安部披露一起举报间谍案例,146014.0,2024-07-23 09:48,2024-1-26:7:47:24
一句警察叔叔我好饿小孩哥成功蹭到了,142436.0,2024-07-23 09:48,2024-1-26:7:47:24
武警用身体搭一条传送带救老人,140873.0,2024-07-23 09:48,2024-1-26:7:47:24
夏天这7种病或是省出来的,137916.0,2024-07-23 09:48,2024-1-26:7:47:24
早期肝癌5年生存率高达80%以上,134506.0,2024-07-23 09:48,2024-1-26:7:47:24
十个勤天演唱会舞台事故,218935.0,2024-07-23 09:48,2024-1-26:7:47:24
刘诗诗狐妖单人海报,127762.0,2024-07-23 09:48,2024-1-26:7:47:24
女子发现老公遭诈骗秒报警保住56万,120370.0,2024-07-23 09:48,2024-1-26:7:47:24
相柳看起来要碎掉了,118841.0,2024-07-23 09:48,2024-1-26:7:47:24
长相思 特效,114805.0,2024-07-23 09:48,2024-1-26:7:47:24
教师在产假期间被公示解聘,1753920.0,2024-07-23 10:27,2024-1-26:7:55:20
Nike宣传片舔乒乓球拍引热议,1332196.0,2024-07-23 10:27,2024-1-26:7:55:20
神十八乘组太空出差能有多充实,44404.0,2024-07-23 10:27,2024-1-26:7:55:20
蒋敦豪发长文回应,932000.0,2024-07-23 10:27,2024-1-26:7:55:20
纪凌尘 黄景瑜的十分之一,931474.0,2024-07-23 10:27,2024-1-26:7:55:20
全红婵说自己头发油到可以炒菜了,575162.0,2024-07-23 10:27,2024-1-26:7:55:20
种地吧,588617.0,2024-07-23 10:27,2024-1-26:7:55:20
特朗普自称为下一任美国总统,554268.0,2024-07-23 10:27,2024-1-26:7:55:20
在王源手上看到了物理防晒的重要性,542991.0,2024-07-23 10:27,2024-1-26:7:55:20
约50%中老年忍痛拖延就医,92152.0,2024-07-23 10:27,2024-1-26:7:55:20
老年男明星 性侵女服务员,1138143.0,2024-07-23 10:27,2024-1-26:7:55:20
65岁退休,947175.0,2024-07-23 10:27,2024-1-26:7:55:20
俄罗斯至少12名士兵因西瓜被下毒身亡,709105.0,2024-07-23 10:27,2024-1-26:7:55:20
人大通报王某某性骚扰,600942.0,2024-07-23 10:27,2024-1-26:7:55:20
拜登退选后哈里斯首次公开露面,539096.0,2024-07-23 10:27,2024-1-26:7:55:20
种地吧成员支持蒋敦豪,489428.0,2024-07-23 10:27,2024-1-26:7:55:20
成毅李莲花李相夷,405143.0,2024-07-23 10:27,2024-1-26:7:55:20
美特勤局承认几十年来最重大行动失败,379106.0,2024-07-23 10:27,2024-1-26:7:55:20
杭州女生高考602分去职业技术大学,314267.0,2024-07-23 10:27,2024-1-26:7:55:20
11岁男孩自写600多行代码造火箭,268969.0,2024-07-23 10:27,2024-1-26:7:55:20
儿子给妈妈缠了1把扇子后暑假没了,627102.0,2024-07-23 10:27,2024-1-26:7:55:20
建议大家不要带6岁以下孩子旅行,511294.0,2024-07-23 10:27,2024-1-26:7:55:20
大学生9个月减重80斤父母认不出,417520.0,2024-07-23 10:27,2024-1-26:7:55:20
甲状腺好的人有6个习惯,309039.0,2024-07-23 10:27,2024-1-26:7:55:20
李梦 穿的不错下次别穿了,262517.0,2024-07-23 10:27,2024-1-26:7:55:20
普通家庭没有必要进行苦难教育,256606.0,2024-07-23 10:27,2024-1-26:7:55:20
140元药卖患者2980元,229838.0,2024-07-23 10:27,2024-1-26:7:55:20
长相思 特效,226336.0,2024-07-23 10:27,2024-1-26:7:55:20
朴彩英首支OST,223273.0,2024-07-23 10:27,2024-1-26:7:55:20
田曦薇财阀千金,211312.0,2024-07-23 10:27,2024-1-26:7:55:20
拜登退选后民主党收到千万美元捐款,221934.0,2024-07-23 10:27,2024-1-26:7:55:20
孙颖莎再回应被叫小魔王,203181.0,2024-07-23 10:27,2024-1-26:7:55:20
女子称因学历低被判去高危妊娠门诊,200722.0,2024-07-23 10:27,2024-1-26:7:55:20
中国游客在大阪遇袭被砍伤,196404.0,2024-07-23 10:27,2024-1-26:7:55:20
天津大姨盘头欢迎潘玮柏,194912.0,2024-07-23 10:27,2024-1-26:7:55:20
中国人每周工作时间越来越长,186813.0,2024-07-23 10:27,2024-1-26:7:55:20
看到娜然懂什么是刮骨刀了,175612.0,2024-07-23 10:27,2024-1-26:7:55:20
国安部披露一起举报间谍案例,172119.0,2024-07-23 10:27,2024-1-26:7:55:20
卢昱晓爸爸不理解但是情绪价值给满,165257.0,2024-07-23 10:27,2024-1-26:7:55:20
莲花楼限免,163140.0,2024-07-23 10:27,2024-1-26:7:55:20
四川人社回应网传90后得65岁退休,330317.0,2024-07-23 10:27,2024-1-26:7:55:20
苗苗说没想到郑恺会这么靠谱,156936.0,2024-07-23 10:27,2024-1-26:7:55:20
于正回应白鹿贴脸开大,155592.0,2024-07-23 10:27,2024-1-26:7:55:20
感觉檀健次工作室在哄我们,145078.0,2024-07-23 10:27,2024-1-26:7:55:20
空空日记人设,142722.0,2024-07-23 10:27,2024-1-26:7:55:20
警方调查人大教授涉嫌违法情况,132084.0,2024-07-23 10:27,2024-1-26:7:55:20
张晚意演技,127653.0,2024-07-23 10:27,2024-1-26:7:55:20
中国高中生国际数学奥林匹克竞赛夺金,125911.0,2024-07-23 10:27,2024-1-26:7:55:20
孙颖莎谈年轻人如何应对压力,120694.0,2024-07-23 10:27,2024-1-26:7:55:20
保安多次在个人号晒女性乘电梯监控,116861.0,2024-07-23 10:27,2024-1-26:7:55:20
教师在产假期间被公示解聘,1596176.0,2024-07-23 10:47,2024-1-26:8:41:51
Nike宣传片舔乒乓球拍引热议,1185397.0,2024-07-23 10:47,2024-1-26:8:41:51
神十八乘组太空出差能有多充实,40046.0,2024-07-23 10:47,2024-1-26:8:41:51
纪凌尘 黄景瑜的十分之一,1047262.0,2024-07-23 10:47,2024-1-26:8:41:51
蒋敦豪发长文回应,884924.0,2024-07-23 10:47,2024-1-26:8:41:51
全红婵说自己头发油到可以炒菜了,494345.0,2024-07-23 10:47,2024-1-26:8:41:51
种地吧,579424.0,2024-07-23 10:47,2024-1-26:8:41:51
在王源手上看到了物理防晒的重要性,501999.0,2024-07-23 10:47,2024-1-26:8:41:51
特朗普自称为下一任美国总统,483353.0,2024-07-23 10:47,2024-1-26:8:41:51
拜登退选后哈里斯首次公开露面,425850.0,2024-07-23 10:47,2024-1-26:8:41:51
老年男明星 性侵女服务员,1113200.0,2024-07-23 10:47,2024-1-26:8:41:51
65岁退休,945169.0,2024-07-23 10:47,2024-1-26:8:41:51
美特勤局承认几十年来最重大行动失败,870403.0,2024-07-23 10:47,2024-1-26:8:41:51
人大通报王某某性骚扰,562042.0,2024-07-23 10:47,2024-1-26:8:41:51
俄罗斯至少12名士兵因西瓜被下毒身亡,504605.0,2024-07-23 10:47,2024-1-26:8:41:51
种地吧成员支持蒋敦豪,477715.0,2024-07-23 10:47,2024-1-26:8:41:51
140元药卖患者2980元,398232.0,2024-07-23 10:47,2024-1-26:8:41:51
成毅李莲花李相夷,338643.0,2024-07-23 10:47,2024-1-26:8:41:51
杭州女生高考602分去职业技术大学,285150.0,2024-07-23 10:47,2024-1-26:8:41:51
约50%中老年忍痛拖延就医,135766.0,2024-07-23 10:47,2024-1-26:8:41:51
建议大家不要带6岁以下孩子旅行,1054628.0,2024-07-23 10:47,2024-1-26:8:41:51
儿子给妈妈缠了1把扇子后暑假没了,567265.0,2024-07-23 10:47,2024-1-26:8:41:51
甲状腺好的人有6个习惯,353695.0,2024-07-23 10:47,2024-1-26:8:41:51
大学生9个月减重80斤父母认不出,345274.0,2024-07-23 10:47,2024-1-26:8:41:51
攀岩世界纪录5秒内攀上5楼高,35341.0,2024-07-23 10:47,2024-1-26:8:41:51
看到娜然懂什么是刮骨刀了,221055.0,2024-07-23 10:47,2024-1-26:8:41:51
长相思 特效,218396.0,2024-07-23 10:47,2024-1-26:8:41:51
11岁男孩自写600多行代码造火箭,217976.0,2024-07-23 10:47,2024-1-26:8:41:51
李梦 穿的不错下次别穿了,212480.0,2024-07-23 10:47,2024-1-26:8:41:51
孙颖莎再回应被叫小魔王,208558.0,2024-07-23 10:47,2024-1-26:8:41:51
朴彩英首支OST,199154.0,2024-07-23 10:47,2024-1-26:8:41:51
田曦薇财阀千金,198515.0,2024-07-23 10:47,2024-1-26:8:41:51
魏嘉再发文要求高亚麟道歉,192255.0,2024-07-23 10:47,2024-1-26:8:41:51
七分甜回应捏捏杯一捏就爆,188827.0,2024-07-23 10:47,2024-1-26:8:41:51
拜登退选后民主党收到千万美元捐款,185009.0,2024-07-23 10:47,2024-1-26:8:41:51
中国人每周工作时间越来越长,182935.0,2024-07-23 10:47,2024-1-26:8:41:51
女子称拒绝镇干部前男友发生关系被打伤,174091.0,2024-07-23 10:47,2024-1-26:8:41:51
中国游客在大阪遇袭被砍伤,171696.0,2024-07-23 10:47,2024-1-26:8:41:51
国安部披露一起举报间谍案例,169709.0,2024-07-23 10:47,2024-1-26:8:41:51
十万狂花入梦来阵容官宣,168710.0,2024-07-23 10:47,2024-1-26:8:41:51
莲花楼限免,158308.0,2024-07-23 10:47,2024-1-26:8:41:51
男子找人撞女友和其父亲后装好人照顾,157483.0,2024-07-23 10:47,2024-1-26:8:41:51
女子称因学历低被判去高危妊娠门诊,154365.0,2024-07-23 10:47,2024-1-26:8:41:51
天津大姨盘头欢迎潘玮柏,146415.0,2024-07-23 10:47,2024-1-26:8:41:51
唐代版少爷和我,146246.0,2024-07-23 10:47,2024-1-26:8:41:51
卢昱晓爸爸不理解但是情绪价值给满,145601.0,2024-07-23 10:47,2024-1-26:8:41:51
苗苗说没想到郑恺会这么靠谱,139636.0,2024-07-23 10:47,2024-1-26:8:41:51
于正回应白鹿贴脸开大,133944.0,2024-07-23 10:47,2024-1-26:8:41:51
警方调查人大教授涉嫌违法情况,133704.0,2024-07-23 10:47,2024-1-26:8:41:51
空空日记人设,130936.0,2024-07-23 10:47,2024-1-26:8:41:51
教师在产假期间被公示解聘,1450799.0,2024-07-23 10:55,2024-1-26:9:37:35
Nike宣传片舔乒乓球拍引热议,1158627.0,2024-07-23 10:55,2024-1-26:9:37:35
神十八乘组太空出差能有多充实,39215.0,2024-07-23 10:55,2024-1-26:9:37:35
纪凌尘 黄景瑜的十分之一,1037040.0,2024-07-23 10:55,2024-1-26:9:37:35
蒋敦豪发长文回应,872185.0,2024-07-23 10:55,2024-1-26:9:37:35
特朗普自称为下一任美国总统,477848.0,2024-07-23 10:55,2024-1-26:9:37:35
种地吧,565581.0,2024-07-23 10:55,2024-1-26:9:37:35
全红婵说自己头发油到可以炒菜了,467278.0,2024-07-23 10:55,2024-1-26:9:37:35
140元药卖患者2980元,458153.0,2024-07-23 10:55,2024-1-26:9:37:35
攀岩世界纪录5秒内攀上5楼高,50760.0,2024-07-23 10:55,2024-1-26:9:37:35
老年男明星 性侵女服务员,1099937.0,2024-07-23 10:55,2024-1-26:9:37:35
美特勤局承认几十年来最重大行动失败,977690.0,2024-07-23 10:55,2024-1-26:9:37:35
65岁退休,948904.0,2024-07-23 10:55,2024-1-26:9:37:35
人大通报王某某性骚扰,552470.0,2024-07-23 10:55,2024-1-26:9:37:35
种地吧成员支持蒋敦豪,461542.0,2024-07-23 10:55,2024-1-26:9:37:35
俄罗斯至少12名士兵因西瓜被下毒身亡,456976.0,2024-07-23 10:55,2024-1-26:9:37:35
在王源手上看到了物理防晒的重要性,452992.0,2024-07-23 10:55,2024-1-26:9:37:35
拜登退选后哈里斯首次公开露面,449396.0,2024-07-23 10:55,2024-1-26:9:37:35
成毅李莲花李相夷,291570.0,2024-07-23 10:55,2024-1-26:9:37:35
杭州女生高考602分去职业技术大学,279674.0,2024-07-23 10:55,2024-1-26:9:37:35
建议大家不要带6岁以下孩子旅行,1171920.0,2024-07-23 10:55,2024-1-26:9:37:35
儿子给妈妈缠了1把扇子后暑假没了,543090.0,2024-07-23 10:55,2024-1-26:9:37:35
甲状腺好的人有6个习惯,381915.0,2024-07-23 10:55,2024-1-26:9:37:35
大学生9个月减重80斤父母认不出,324664.0,2024-07-23 10:55,2024-1-26:9:37:35
魏嘉再发文要求高亚麟道歉,264459.0,2024-07-23 10:55,2024-1-26:9:37:35
看到娜然懂什么是刮骨刀了,251441.0,2024-07-23 10:55,2024-1-26:9:37:35
约50%中老年忍痛拖延就医,223706.0,2024-07-23 10:55,2024-1-26:9:37:35
长相思 特效,220830.0,2024-07-23 10:55,2024-1-26:9:37:35
拜登退选后民主党收到千万美元捐款,219594.0,2024-07-23 10:55,2024-1-26:9:37:35
七分甜回应捏捏杯一捏就爆,216666.0,2024-07-23 10:55,2024-1-26:9:37:35
女子称拒绝镇干部前男友发生关系被打伤,268427.0,2024-07-23 10:55,2024-1-26:9:37:35
孙颖莎再回应被叫小魔王,212031.0,2024-07-23 10:55,2024-1-26:9:37:35
李梦 穿的不错下次别穿了,205593.0,2024-07-23 10:55,2024-1-26:9:37:35
11岁男孩自写600多行代码造火箭,203214.0,2024-07-23 10:55,2024-1-26:9:37:35
男子找人撞女友和其父亲后装好人照顾,201140.0,2024-07-23 10:55,2024-1-26:9:37:35
十万狂花入梦来阵容官宣,189654.0,2024-07-23 10:55,2024-1-26:9:37:35
田曦薇财阀千金,182310.0,2024-07-23 10:55,2024-1-26:9:37:35
国安部披露一起举报间谍案例,180632.0,2024-07-23 10:55,2024-1-26:9:37:35
朴彩英首支OST,180142.0,2024-07-23 10:55,2024-1-26:9:37:35
中国人每周工作时间越来越长,166941.0,2024-07-23 10:55,2024-1-26:9:37:35
中国游客在大阪遇袭被砍伤,162106.0,2024-07-23 10:55,2024-1-26:9:37:35
莲花楼限免,155888.0,2024-07-23 10:55,2024-1-26:9:37:35
不拴绳狗被碾压女子砸车打人后外逃,153971.0,2024-07-23 10:55,2024-1-26:9:37:35
女子称因学历低被判去高危妊娠门诊,144705.0,2024-07-23 10:55,2024-1-26:9:37:35
卢昱晓爸爸不理解但是情绪价值给满,142333.0,2024-07-23 10:55,2024-1-26:9:37:35
警方调查人大教授涉嫌违法情况,141237.0,2024-07-23 10:55,2024-1-26:9:37:35
于正回应白鹿贴脸开大,134872.0,2024-07-23 10:55,2024-1-26:9:37:35
苗苗说没想到郑恺会这么靠谱,134322.0,2024-07-23 10:55,2024-1-26:9:37:35
13岁少年落水漩涡中被众人紧紧拉回,26834.0,2024-07-23 10:55,2024-1-26:9:37:35
唐代版少爷和我,128102.0,2024-07-23 10:55,2024-1-26:9:37:35
教师在产假期间被公示解聘,1237587.0,2024-07-23 11:11,2024-1-26:10:7:13
Nike宣传片舔乒乓球拍引热议,1085721.0,2024-07-23 11:11,2024-1-26:10:7:13
神十八乘组太空出差能有多充实,33754.0,2024-07-23 11:11,2024-1-26:10:7:13
纪凌尘 黄景瑜的十分之一,926113.0,2024-07-23 11:11,2024-1-26:10:7:13
蒋敦豪发长文回应,830843.0,2024-07-23 11:11,2024-1-26:10:7:13
140元药卖患者2980元,618252.0,2024-07-23 11:11,2024-1-26:10:7:13
特朗普自称为下一任美国总统,474082.0,2024-07-23 11:11,2024-1-26:10:7:13
全红婵说自己头发油到可以炒菜了,437022.0,2024-07-23 11:11,2024-1-26:10:7:13
种地吧,424677.0,2024-07-23 11:11,2024-1-26:10:7:13
25岁青年捐建村小教学楼烂尾十年,76503.0,2024-07-23 11:11,2024-1-26:10:7:13
老年男明星 性侵女服务员,1097661.0,2024-07-23 11:11,2024-1-26:10:7:13
美特勤局承认几十年来最重大行动失败,1014991.0,2024-07-23 11:11,2024-1-26:10:7:13
女子称拒绝镇干部前男友发生关系被打伤,593085.0,2024-07-23 11:11,2024-1-26:10:7:13
魏嘉再发文要求高亚麟道歉,529764.0,2024-07-23 11:11,2024-1-26:10:7:13
人大通报王某某性骚扰,495281.0,2024-07-23 11:11,2024-1-26:10:7:13
种地吧成员支持蒋敦豪,416234.0,2024-07-23 11:11,2024-1-26:10:7:13
俄罗斯至少12名士兵因西瓜被下毒身亡,390527.0,2024-07-23 11:11,2024-1-26:10:7:13
拜登退选后哈里斯首次公开露面,356977.0,2024-07-23 11:11,2024-1-26:10:7:13
在王源手上看到了物理防晒的重要性,349768.0,2024-07-23 11:11,2024-1-26:10:7:13
看到娜然懂什么是刮骨刀了,331513.0,2024-07-23 11:11,2024-1-26:10:7:13
建议大家不要带6岁以下孩子旅行,1429802.0,2024-07-23 11:11,2024-1-26:10:7:13
儿子给妈妈缠了1把扇子后暑假没了,486208.0,2024-07-23 11:11,2024-1-26:10:7:13
甲状腺好的人有6个习惯,353872.0,2024-07-23 11:11,2024-1-26:10:7:13
约50%中老年忍痛拖延就医,302901.0,2024-07-23 11:11,2024-1-26:10:7:13
大学生9个月减重80斤父母认不出,292113.0,2024-07-23 11:11,2024-1-26:10:7:13
莲花楼登爱奇艺热搜榜第一,286252.0,2024-07-23 11:11,2024-1-26:10:7:13
男子找人撞女友和其父亲后装好人照顾,246679.0,2024-07-23 11:11,2024-1-26:10:7:13
太二酸菜鱼客单价跌至7年前,244436.0,2024-07-23 11:11,2024-1-26:10:7:13
拜登退选后民主党收到千万美元捐款,242255.0,2024-07-23 11:11,2024-1-26:10:7:13
李梦 穿的不错下次别穿了,234732.0,2024-07-23 11:11,2024-1-26:10:7:13
长相思 特效,225254.0,2024-07-23 11:11,2024-1-26:10:7:13
不拴绳狗被碾压女子砸车打人后外逃,217302.0,2024-07-23 11:11,2024-1-26:10:7:13
孙颖莎再回应被叫小魔王,216629.0,2024-07-23 11:11,2024-1-26:10:7:13
杭州女生高考602分去职业技术大学,214926.0,2024-07-23 11:11,2024-1-26:10:7:13
成毅李莲花李相夷,213608.0,2024-07-23 11:11,2024-1-26:10:7:13
七分甜回应捏捏杯一捏就爆,213502.0,2024-07-23 11:11,2024-1-26:10:7:13
11岁男孩自写600多行代码造火箭,185691.0,2024-07-23 11:11,2024-1-26:10:7:13
日本近4成孤独死年轻人陈尸家中,183956.0,2024-07-23 11:11,2024-1-26:10:7:13
朴彩英首支OST,180529.0,2024-07-23 11:11,2024-1-26:10:7:13
E起CityDrive,65646.0,2024-07-23 11:11,2024-1-26:10:7:13
十万狂花入梦来阵容官宣,175532.0,2024-07-23 11:11,2024-1-26:10:7:13
国安部披露一起举报间谍案例,172078.0,2024-07-23 11:11,2024-1-26:10:7:13
莎头组合喝水神同步,159686.0,2024-07-23 11:11,2024-1-26:10:7:13
田曦薇财阀千金,154381.0,2024-07-23 11:11,2024-1-26:10:7:13
人民文娱点评少白武侠精气神,148551.0,2024-07-23 11:11,2024-1-26:10:7:13
中国人每周工作时间越来越长,147504.0,2024-07-23 11:11,2024-1-26:10:7:13
莲花楼限免,144934.0,2024-07-23 11:11,2024-1-26:10:7:13
中国游客在大阪遇袭被砍伤,141423.0,2024-07-23 11:11,2024-1-26:10:7:13
于正回应白鹿贴脸开大,139782.0,2024-07-23 11:11,2024-1-26:10:7:13
陈昊宇陈丽君版白娘子许仙,136162.0,2024-07-23 11:11,2024-1-26:10:7:13
女子称拒绝镇干部前男友发生关系被打伤,1242781.0,2024-07-23 11:32,2024-1-26:10:28:13
教师在产假期间被公示解聘,1074425.0,2024-07-23 11:32,2024-1-26:10:28:13
三星堆遗址考古发掘取得重要进展,18459.0,2024-07-23 11:32,2024-1-26:10:28:13
Nike宣传片舔乒乓球拍引热议,1020785.0,2024-07-23 11:32,2024-1-26:10:28:13
蒋敦豪发长文回应,840014.0,2024-07-23 11:32,2024-1-26:10:28:13
纪凌尘 黄景瑜的十分之一,664846.0,2024-07-23 11:32,2024-1-26:10:28:13
太二酸菜鱼客单价跌至7年前,657194.0,2024-07-23 11:32,2024-1-26:10:28:13
莲花楼登爱奇艺热搜榜第一,650669.0,2024-07-23 11:32,2024-1-26:10:28:13
140元药卖患者2980元,607969.0,2024-07-23 11:32,2024-1-26:10:28:13
特朗普自称为下一任美国总统,413897.0,2024-07-23 11:32,2024-1-26:10:28:13
老年男明星 性侵女服务员,1064263.0,2024-07-23 11:32,2024-1-26:10:28:13
E起CityDrive,35477.0,2024-07-23 11:32,2024-1-26:10:28:13
美特勤局承认几十年来最重大行动失败,891729.0,2024-07-23 11:32,2024-1-26:10:28:13
魏嘉再发文要求高亚麟道歉,551539.0,2024-07-23 11:32,2024-1-26:10:28:13
人大通报王某某性骚扰,462089.0,2024-07-23 11:32,2024-1-26:10:28:13
25岁青年捐建村小教学楼烂尾十年,130713.0,2024-07-23 11:32,2024-1-26:10:28:13
全红婵说自己头发油到可以炒菜了,398473.0,2024-07-23 11:32,2024-1-26:10:28:13
李亚鹏让妻子和他一起唱因为爱情,389606.0,2024-07-23 11:32,2024-1-26:10:28:13
种地吧成员支持蒋敦豪,374678.0,2024-07-23 11:32,2024-1-26:10:28:13
俄罗斯至少12名士兵因西瓜被下毒身亡,334483.0,2024-07-23 11:32,2024-1-26:10:28:13
建议大家不要带6岁以下孩子旅行,1493625.0,2024-07-23 11:32,2024-1-26:10:28:13
丰巢回应骨灰盒放一年只要55块钱,433353.0,2024-07-23 11:32,2024-1-26:10:28:13
甲状腺好的人有6个习惯,377946.0,2024-07-23 11:32,2024-1-26:10:28:13
儿子给妈妈缠了1把扇子后暑假没了,371699.0,2024-07-23 11:32,2024-1-26:10:28:13
种地吧,359190.0,2024-07-23 11:32,2024-1-26:10:28:13
看到娜然懂什么是刮骨刀了,332950.0,2024-07-23 11:32,2024-1-26:10:28:13
日本近4成孤独死年轻人陈尸家中,331743.0,2024-07-23 11:32,2024-1-26:10:28:13
大学生9个月减重80斤父母认不出,294564.0,2024-07-23 11:32,2024-1-26:10:28:13
樊振东被叫小胖至今经历了什么,245907.0,2024-07-23 11:32,2024-1-26:10:28:13
中国游客在日本遭抢劫被砍伤,169314.0,2024-07-23 11:32,2024-1-26:10:28:13
神十八乘组太空出差能有多充实,30201.0,2024-07-23 11:32,2024-1-26:10:28:13
陈昊宇陈丽君版白娘子许仙,289738.0,2024-07-23 11:32,2024-1-26:10:28:13
在王源手上看到了物理防晒的重要性,289407.0,2024-07-23 11:32,2024-1-26:10:28:13
约50%中老年忍痛拖延就医,250018.0,2024-07-23 11:32,2024-1-26:10:28:13
男子找人撞女友和其父亲后装好人照顾,248430.0,2024-07-23 11:32,2024-1-26:10:28:13
李梦 穿的不错下次别穿了,240823.0,2024-07-23 11:32,2024-1-26:10:28:13
拜登退选后哈里斯首次公开露面,240196.0,2024-07-23 11:32,2024-1-26:10:28:13
不拴绳狗被碾压女子砸车打人后外逃,227944.0,2024-07-23 11:32,2024-1-26:10:28:13
七分甜回应捏捏杯一捏就爆,223743.0,2024-07-23 11:32,2024-1-26:10:28:13
童年骑狮子拍照的人去非洲溜狮子了,202904.0,2024-07-23 11:32,2024-1-26:10:28:13
长相思 特效,179243.0,2024-07-23 11:32,2024-1-26:10:28:13
杭州女生高考602分去职业技术大学,176696.0,2024-07-23 11:32,2024-1-26:10:28:13
红豆生南国 徐三是男模,176475.0,2024-07-23 11:32,2024-1-26:10:28:13
莎头组合喝水神同步,170827.0,2024-07-23 11:32,2024-1-26:10:28:13
宇露君沾,163356.0,2024-07-23 11:32,2024-1-26:10:28:13
11岁男孩自写600多行代码造火箭,163116.0,2024-07-23 11:32,2024-1-26:10:28:13
十万狂花入梦来阵容官宣,159476.0,2024-07-23 11:32,2024-1-26:10:28:13
孙颖莎再回应被叫小魔王,156525.0,2024-07-23 11:32,2024-1-26:10:28:13
朴彩英首支OST,154835.0,2024-07-23 11:32,2024-1-26:10:28:13
十万狂花入梦来开机,148650.0,2024-07-23 11:32,2024-1-26:10:28:13
女子称拒绝镇干部前男友发生关系被打伤,1553920.0,2024-07-23 11:43,2024-1-26:10:37:3
太二酸菜鱼客单价跌至7年前,995184.0,2024-07-23 11:43,2024-1-26:10:37:3
三星堆遗址考古发掘取得重要进展,98670.0,2024-07-23 11:43,2024-1-26:10:37:3
教师在产假期间被公示解聘,892316.0,2024-07-23 11:43,2024-1-26:10:37:3
Nike宣传片舔乒乓球拍引热议,871910.0,2024-07-23 11:43,2024-1-26:10:37:3
蒋敦豪发长文回应,849213.0,2024-07-23 11:43,2024-1-26:10:37:3
莲花楼登爱奇艺热搜榜第一,797334.0,2024-07-23 11:43,2024-1-26:10:37:3
纪凌尘 黄景瑜的十分之一,708239.0,2024-07-23 11:43,2024-1-26:10:37:3
140元药卖患者2980元,540450.0,2024-07-23 11:43,2024-1-26:10:37:3
中国游客在日本遭抢劫被砍伤,302511.0,2024-07-23 11:43,2024-1-26:10:37:3
E起CityDrive,38140.0,2024-07-23 11:43,2024-1-26:10:37:3
老年男明星 性侵女服务员,1014800.0,2024-07-23 11:43,2024-1-26:10:37:3
美特勤局承认几十年来最重大行动失败,775636.0,2024-07-23 11:43,2024-1-26:10:37:3
魏嘉再发文要求高亚麟道歉,561996.0,2024-07-23 11:43,2024-1-26:10:37:3
李亚鹏让妻子和他一起唱因为爱情,490546.0,2024-07-23 11:43,2024-1-26:10:37:3
人大通报王某某性骚扰,430635.0,2024-07-23 11:43,2024-1-26:10:37:3
特朗普自称为下一任美国总统,376493.0,2024-07-23 11:43,2024-1-26:10:37:3
看到娜然懂什么是刮骨刀了,361661.0,2024-07-23 11:43,2024-1-26:10:37:3
种地吧成员支持蒋敦豪,357115.0,2024-07-23 11:43,2024-1-26:10:37:3
全红婵说自己头发油到可以炒菜了,340911.0,2024-07-23 11:43,2024-1-26:10:37:3
建议大家不要带6岁以下孩子旅行,1320994.0,2024-07-23 11:43,2024-1-26:10:37:3
丰巢回应骨灰盒放一年只要55块钱,807862.0,2024-07-23 11:43,2024-1-26:10:37:3
甲状腺好的人有6个习惯,346277.0,2024-07-23 11:43,2024-1-26:10:37:3
儿子给妈妈缠了1把扇子后暑假没了,334983.0,2024-07-23 11:43,2024-1-26:10:37:3
日本近4成孤独死年轻人陈尸家中,334840.0,2024-07-23 11:43,2024-1-26:10:37:3
种地吧,314268.0,2024-07-23 11:43,2024-1-26:10:37:3
樊振东被叫小胖至今经历了什么,306109.0,2024-07-23 11:43,2024-1-26:10:37:3
陈昊宇陈丽君版白娘子许仙,299098.0,2024-07-23 11:43,2024-1-26:10:37:3
俄罗斯至少12名士兵因西瓜被下毒身亡,289616.0,2024-07-23 11:43,2024-1-26:10:37:3
大学生9个月减重80斤父母认不出,261699.0,2024-07-23 11:43,2024-1-26:10:37:3
在王源手上看到了物理防晒的重要性,259566.0,2024-07-23 11:43,2024-1-26:10:37:3
宇露君沾,255642.0,2024-07-23 11:43,2024-1-26:10:37:3
男子找人撞女友和其父亲后装好人照顾,251500.0,2024-07-23 11:43,2024-1-26:10:37:3
25岁青年捐建村小教学楼烂尾十年,227703.0,2024-07-23 11:43,2024-1-26:10:37:3
拜登退选后哈里斯首次公开露面,224142.0,2024-07-23 11:43,2024-1-26:10:37:3
七分甜回应捏捏杯一捏就爆,221377.0,2024-07-23 11:43,2024-1-26:10:37:3
约50%中老年忍痛拖延就医,200523.0,2024-07-23 11:43,2024-1-26:10:37:3
不拴绳狗被碾压女子砸车打人后外逃,196526.0,2024-07-23 11:43,2024-1-26:10:37:3
李梦 穿的不错下次别穿了,186387.0,2024-07-23 11:43,2024-1-26:10:37:3
李莲花红绸飞到了今日,184577.0,2024-07-23 11:43,2024-1-26:10:37:3
红豆生南国 徐三是男模,182340.0,2024-07-23 11:43,2024-1-26:10:37:3
吴谨言仿妆宁静,177018.0,2024-07-23 11:43,2024-1-26:10:37:3
长相思 特效,165480.0,2024-07-23 11:43,2024-1-26:10:37:3
莎头组合喝水神同步,162553.0,2024-07-23 11:43,2024-1-26:10:37:3
11岁男孩自写600多行代码造火箭,158940.0,2024-07-23 11:43,2024-1-26:10:37:3
杭州女生高考602分去职业技术大学,158830.0,2024-07-23 11:43,2024-1-26:10:37:3
朴彩英首支OST,143464.0,2024-07-23 11:43,2024-1-26:10:37:3
女子父亲病故摆2桌酒席被罚5千,141762.0,2024-07-23 11:43,2024-1-26:10:37:3
孙颖莎再回应被叫小魔王,141196.0,2024-07-23 11:43,2024-1-26:10:37:3
警方调查人大教授涉嫌违法情况,118750.0,2024-07-23 11:43,2024-1-26:10:37:3
女子称拒绝镇干部前男友发生关系被打伤,1634013.0,2024-07-23 11:51,2024-1-26:10:44:40
太二酸菜鱼客单价跌至7年前,1085849.0,2024-07-23 11:51,2024-1-26:10:44:40
三星堆遗址考古发掘取得重要进展,159637.0,2024-07-23 11:51,2024-1-26:10:44:40
莲花楼登爱奇艺热搜榜第一,916184.0,2024-07-23 11:51,2024-1-26:10:44:40
Nike宣传片舔乒乓球拍引热议,878976.0,2024-07-23 11:51,2024-1-26:10:44:40
教师在产假期间被公示解聘,829940.0,2024-07-23 11:51,2024-1-26:10:44:40
蒋敦豪发长文回应,801062.0,2024-07-23 11:51,2024-1-26:10:44:40
纪凌尘 黄景瑜的十分之一,705284.0,2024-07-23 11:51,2024-1-26:10:44:40
140元药卖患者2980元,534442.0,2024-07-23 11:51,2024-1-26:10:44:40
中国游客在日本遭抢劫被砍伤,356100.0,2024-07-23 11:51,2024-1-26:10:44:40
老年男明星 性侵女服务员,1019481.0,2024-07-23 11:51,2024-1-26:10:44:40
E起CityDrive,38264.0,2024-07-23 11:51,2024-1-26:10:44:40
美特勤局承认几十年来最重大行动失败,724473.0,2024-07-23 11:51,2024-1-26:10:44:40
李亚鹏让妻子和他一起唱因为爱情,492956.0,2024-07-23 11:51,2024-1-26:10:44:40
魏嘉再发文要求高亚麟道歉,483669.0,2024-07-23 11:51,2024-1-26:10:44:40
人大通报王某某性骚扰,414978.0,2024-07-23 11:51,2024-1-26:10:44:40
看到娜然懂什么是刮骨刀了,386391.0,2024-07-23 11:51,2024-1-26:10:44:40
特朗普自称为下一任美国总统,364783.0,2024-07-23 11:51,2024-1-26:10:44:40
种地吧成员支持蒋敦豪,351382.0,2024-07-23 11:51,2024-1-26:10:44:40
樊振东被叫小胖至今经历了什么,326906.0,2024-07-23 11:51,2024-1-26:10:44:40
建议大家不要带6岁以下孩子旅行,1268097.0,2024-07-23 11:51,2024-1-26:10:44:40
丰巢回应骨灰盒放一年只要55块钱,1024859.0,2024-07-23 11:51,2024-1-26:10:44:40
日本近4成孤独死年轻人陈尸家中,353669.0,2024-07-23 11:51,2024-1-26:10:44:40
全红婵说自己头发油到可以炒菜了,314397.0,2024-07-23 11:51,2024-1-26:10:44:40
儿子给妈妈缠了1把扇子后暑假没了,345643.0,2024-07-23 11:51,2024-1-26:10:44:40
甲状腺好的人有6个习惯,340049.0,2024-07-23 11:51,2024-1-26:10:44:40
宇露君沾,335719.0,2024-07-23 11:51,2024-1-26:10:44:40
种地吧,293085.0,2024-07-23 11:51,2024-1-26:10:44:40
陈昊宇陈丽君版白娘子许仙,285694.0,2024-07-23 11:51,2024-1-26:10:44:40
俄罗斯至少12名士兵因西瓜被下毒身亡,260022.0,2024-07-23 11:51,2024-1-26:10:44:40
大学生9个月减重80斤父母认不出,247273.0,2024-07-23 11:51,2024-1-26:10:44:40
男子找人撞女友和其父亲后装好人照顾,243571.0,2024-07-23 11:51,2024-1-26:10:44:40
在王源手上看到了物理防晒的重要性,242252.0,2024-07-23 11:51,2024-1-26:10:44:40
七分甜回应捏捏杯一捏就爆,229033.0,2024-07-23 11:51,2024-1-26:10:44:40
拜登退选后哈里斯首次公开露面,220803.0,2024-07-23 11:51,2024-1-26:10:44:40
25岁青年捐建村小教学楼烂尾十年,203383.0,2024-07-23 11:51,2024-1-26:10:44:40
李莲花红绸飞到了今日,200630.0,2024-07-23 11:51,2024-1-26:10:44:40
不拴绳狗被碾压女子砸车打人后外逃,193407.0,2024-07-23 11:51,2024-1-26:10:44:40
红豆生南国 徐三是男模,187838.0,2024-07-23 11:51,2024-1-26:10:44:40
李梦 穿的不错下次别穿了,183251.0,2024-07-23 11:51,2024-1-26:10:44:40
约50%中老年忍痛拖延就医,174836.0,2024-07-23 11:51,2024-1-26:10:44:40
女子父亲病故摆2桌酒席被罚5千,170028.0,2024-07-23 11:51,2024-1-26:10:44:40
长相思 特效,163187.0,2024-07-23 11:51,2024-1-26:10:44:40
吴谨言仿妆宁静,162608.0,2024-07-23 11:51,2024-1-26:10:44:40
莎头组合喝水神同步,158158.0,2024-07-23 11:51,2024-1-26:10:44:40
杭州女生高考602分去职业技术大学,154331.0,2024-07-23 11:51,2024-1-26:10:44:40
11岁男孩自写600多行代码造火箭,145331.0,2024-07-23 11:51,2024-1-26:10:44:40
朴彩英首支OST,140789.0,2024-07-23 11:51,2024-1-26:10:44:40
孙颖莎再回应被叫小魔王,120249.0,2024-07-23 11:51,2024-1-26:10:44:40
警方调查人大教授涉嫌违法情况,114432.0,2024-07-23 11:51,2024-1-26:10:44:40
女子称拒绝镇干部前男友发生关系被打伤,1689635.0,2024-07-23 11:59,2024-1-26:10:52:43
丰巢回应骨灰盒放一年只要55块钱,1215153.0,2024-07-23 11:59,2024-1-26:10:52:43
三星堆遗址考古发掘取得重要进展,192573.0,2024-07-23 11:59,2024-1-26:10:52:43
太二酸菜鱼客单价跌至7年前,1139466.0,2024-07-23 11:59,2024-1-26:10:52:43
莲花楼登爱奇艺热搜榜第一,956111.0,2024-07-23 11:59,2024-1-26:10:52:43
Nike宣传片舔乒乓球拍引热议,858545.0,2024-07-23 11:59,2024-1-26:10:52:43
蒋敦豪发长文回应,853715.0,2024-07-23 11:59,2024-1-26:10:52:43
教师在产假期间被公示解聘,812415.0,2024-07-23 11:59,2024-1-26:10:52:43
纪凌尘 黄景瑜的十分之一,602791.0,2024-07-23 11:59,2024-1-26:10:52:43
中国游客在日本遭抢劫被砍伤,594563.0,2024-07-23 11:59,2024-1-26:10:52:43
E起CityDrive,41731.0,2024-07-23 11:59,2024-1-26:10:52:43
老年男明星 性侵女服务员,1022571.0,2024-07-23 11:59,2024-1-26:10:52:43
美特勤局承认几十年来最重大行动失败,642837.0,2024-07-23 11:59,2024-1-26:10:52:43
140元药卖患者2980元,497147.0,2024-07-23 11:59,2024-1-26:10:52:43
李亚鹏让妻子和他一起唱因为爱情,466964.0,2024-07-23 11:59,2024-1-26:10:52:43
魏嘉再发文要求高亚麟道歉,463601.0,2024-07-23 11:59,2024-1-26:10:52:43
人大通报王某某性骚扰,416851.0,2024-07-23 11:59,2024-1-26:10:52:43
看到娜然懂什么是刮骨刀了,402015.0,2024-07-23 11:59,2024-1-26:10:52:43
特朗普自称为下一任美国总统,383707.0,2024-07-23 11:59,2024-1-26:10:52:43
种地吧成员支持蒋敦豪,361900.0,2024-07-23 11:59,2024-1-26:10:52:43
建议大家不要带6岁以下孩子旅行,1227265.0,2024-07-23 11:59,2024-1-26:10:52:43
日本近4成孤独死年轻人陈尸家中,359167.0,2024-07-23 11:59,2024-1-26:10:52:43
宇露君沾,343454.0,2024-07-23 11:59,2024-1-26:10:52:43
儿子给妈妈缠了1把扇子后暑假没了,340781.0,2024-07-23 11:59,2024-1-26:10:52:43
樊振东被叫小胖至今经历了什么,321480.0,2024-07-23 11:59,2024-1-26:10:52:43
甲状腺好的人有6个习惯,308111.0,2024-07-23 11:59,2024-1-26:10:52:43
种地吧,302933.0,2024-07-23 11:59,2024-1-26:10:52:43
全红婵说自己头发油到可以炒菜了,300214.0,2024-07-23 11:59,2024-1-26:10:52:43
陈昊宇陈丽君版白娘子许仙,277729.0,2024-07-23 11:59,2024-1-26:10:52:43
哈里斯称已获足够支持成美国总统候选人,276241.0,2024-07-23 11:59,2024-1-26:10:52:43
拜登退选后哈里斯首次公开露面,262412.0,2024-07-23 11:59,2024-1-26:10:52:43
俄罗斯至少12名士兵因西瓜被下毒身亡,256989.0,2024-07-23 11:59,2024-1-26:10:52:43
大学生9个月减重80斤父母认不出,248466.0,2024-07-23 11:59,2024-1-26:10:52:43
在王源手上看到了物理防晒的重要性,237671.0,2024-07-23 11:59,2024-1-26:10:52:43
男子找人撞女友和其父亲后装好人照顾,230570.0,2024-07-23 11:59,2024-1-26:10:52:43
七分甜回应捏捏杯一捏就爆,223458.0,2024-07-23 11:59,2024-1-26:10:52:43
不拴绳狗被碾压女子砸车打人后外逃,213946.0,2024-07-23 11:59,2024-1-26:10:52:43
巴勒斯坦各派别在北京举行和解对话,206431.0,2024-07-23 11:59,2024-1-26:10:52:43
李梦 穿的不错下次别穿了,202672.0,2024-07-23 11:59,2024-1-26:10:52:43
女子父亲病故摆2桌酒席被罚5千,192579.0,2024-07-23 11:59,2024-1-26:10:52:43
25岁青年捐建村小教学楼烂尾十年,184831.0,2024-07-23 11:59,2024-1-26:10:52:43
红豆生南国 徐三是男模,178012.0,2024-07-23 11:59,2024-1-26:10:52:43
约50%中老年忍痛拖延就医,174774.0,2024-07-23 11:59,2024-1-26:10:52:43
长相思 特效,158938.0,2024-07-23 11:59,2024-1-26:10:52:43
李莲花红绸飞到了今日,152829.0,2024-07-23 11:59,2024-1-26:10:52:43
莎头组合喝水神同步,151497.0,2024-07-23 11:59,2024-1-26:10:52:43
吴谨言仿妆宁静,149453.0,2024-07-23 11:59,2024-1-26:10:52:43
杭州女生高考602分去职业技术大学,146282.0,2024-07-23 11:59,2024-1-26:10:52:43
11岁男孩自写600多行代码造火箭,144487.0,2024-07-23 11:59,2024-1-26:10:52:43
朴彩英首支OST,141837.0,2024-07-23 11:59,2024-1-26:10:52:43
丰巢回应骨灰盒放一年只要55块钱,1925936.0,2024-07-23 12:20,2024-1-26:11:0:14
女子称拒绝镇干部前男友发生关系被打伤,1472461.0,2024-07-23 12:20,2024-1-26:11:0:14
三星堆遗址考古发掘取得重要进展,238512.0,2024-07-23 12:20,2024-1-26:11:0:14
太二酸菜鱼客单价跌至7年前,1013609.0,2024-07-23 12:20,2024-1-26:11:0:14
中国游客在日本遭抢劫被砍伤,961114.0,2024-07-23 12:20,2024-1-26:11:0:14
Nike宣传片舔乒乓球拍引热议,947521.0,2024-07-23 12:20,2024-1-26:11:0:14
蒋敦豪发长文回应,857802.0,2024-07-23 12:20,2024-1-26:11:0:14
莲花楼登爱奇艺热搜榜第一,849685.0,2024-07-23 12:20,2024-1-26:11:0:14
教师在产假期间被公示解聘,666181.0,2024-07-23 12:20,2024-1-26:11:0:14
留学生巴黎地铁口吹凉风直呼舒服,57508.0,2024-07-23 12:20,2024-1-26:11:0:14
E起CityDrive,42935.0,2024-07-23 12:20,2024-1-26:11:0:14
老年男明星 性侵女服务员,1006925.0,2024-07-23 12:20,2024-1-26:11:0:14
法塔赫和哈马斯达成北京宣言,580761.0,2024-07-23 12:20,2024-1-26:11:0:14
美特勤局承认几十年来最重大行动失败,535684.0,2024-07-23 12:20,2024-1-26:11:0:14
纪凌尘 黄景瑜的十分之一,500426.0,2024-07-23 12:20,2024-1-26:11:0:14
李亚鹏让妻子和他一起唱因为爱情,427682.0,2024-07-23 12:20,2024-1-26:11:0:14
140元药卖患者2980元,412610.0,2024-07-23 12:20,2024-1-26:11:0:14
哈里斯称已获足够支持成美国总统候选人,389045.0,2024-07-23 12:20,2024-1-26:11:0:14
人大通报王某某性骚扰,381029.0,2024-07-23 12:20,2024-1-26:11:0:14
魏嘉再发文要求高亚麟道歉,370511.0,2024-07-23 12:20,2024-1-26:11:0:14
建议大家不要带6岁以下孩子旅行,992425.0,2024-07-23 12:20,2024-1-26:11:0:14
特朗普自称为下一任美国总统,359547.0,2024-07-23 12:20,2024-1-26:11:0:14
宇露君沾,343319.0,2024-07-23 12:20,2024-1-26:11:0:14
日本近4成孤独死年轻人陈尸家中,340221.0,2024-07-23 12:20,2024-1-26:11:0:14
看到娜然懂什么是刮骨刀了,335193.0,2024-07-23 12:20,2024-1-26:11:0:14
种地吧成员支持蒋敦豪,332860.0,2024-07-23 12:20,2024-1-26:11:0:14
拜登退选,320551.0,2024-07-23 12:20,2024-1-26:11:0:14
樊振东被叫小胖至今经历了什么,308274.0,2024-07-23 12:20,2024-1-26:11:0:14
杨洋父亲持股公司成老赖,303643.0,2024-07-23 12:20,2024-1-26:11:0:14
儿子给妈妈缠了1把扇子后暑假没了,282942.0,2024-07-23 12:20,2024-1-26:11:0:14
甲状腺好的人有6个习惯,280942.0,2024-07-23 12:20,2024-1-26:11:0:14
巴勒斯坦各派别在北京举行和解对话,260871.0,2024-07-23 12:20,2024-1-26:11:0:14
陈昊宇陈丽君版白娘子许仙,257802.0,2024-07-23 12:20,2024-1-26:11:0:14
肖战宝诗龙地广打卡,38914.0,2024-07-23 12:20,2024-1-26:11:0:14
大学生9个月减重80斤父母认不出,247562.0,2024-07-23 12:20,2024-1-26:11:0:14
种地吧,238177.0,2024-07-23 12:20,2024-1-26:11:0:14
太二酸菜鱼降价也留不住客人,230193.0,2024-07-23 12:20,2024-1-26:11:0:14
俄罗斯至少12名士兵因西瓜被下毒身亡,224968.0,2024-07-23 12:20,2024-1-26:11:0:14
在王源手上看到了物理防晒的重要性,218401.0,2024-07-23 12:20,2024-1-26:11:0:14
中国人民大学,209121.0,2024-07-23 12:20,2024-1-26:11:0:14
不拴绳狗被碾压女子砸车打人后外逃,203238.0,2024-07-23 12:20,2024-1-26:11:0:14
拜登退选后哈里斯首次公开露面,201519.0,2024-07-23 12:20,2024-1-26:11:0:14
女子父亲病故摆2桌酒席被罚5千,196364.0,2024-07-23 12:20,2024-1-26:11:0:14
全红婵说自己头发油到可以炒菜了,196108.0,2024-07-23 12:20,2024-1-26:11:0:14
李梦 穿的不错下次别穿了,187507.0,2024-07-23 12:20,2024-1-26:11:0:14
团伙用3元淫秽视频获利60余万,184904.0,2024-07-23 12:20,2024-1-26:11:0:14
男子找人撞女友和其父亲后装好人照顾,184126.0,2024-07-23 12:20,2024-1-26:11:0:14
韦世豪停赛,167889.0,2024-07-23 12:20,2024-1-26:11:0:14
狂犬病已经到高发期,162221.0,2024-07-23 12:20,2024-1-26:11:0:14
七分甜回应捏捏杯一捏就爆,161784.0,2024-07-23 12:20,2024-1-26:11:0:14
丰巢回应骨灰盒放一年只要55块钱,2145512.0,2024-07-23 12:32,2024-1-26:11:18:44
女子称拒绝镇干部前男友发生关系被打伤,1284872.0,2024-07-23 12:32,2024-1-26:11:18:44
三星堆遗址考古发掘取得重要进展,218889.0,2024-07-23 12:32,2024-1-26:11:18:44
法塔赫和哈马斯达成北京宣言,1145576.0,2024-07-23 12:32,2024-1-26:11:18:44
Nike宣传片舔乒乓球拍引热议,1144908.0,2024-07-23 12:32,2024-1-26:11:18:44
光遇复刻,1109301.0,2024-07-23 12:32,2024-1-26:11:18:44
中国游客在日本遭抢劫被砍伤,932465.0,2024-07-23 12:32,2024-1-26:11:18:44
太二酸菜鱼客单价跌至7年前,874248.0,2024-07-23 12:32,2024-1-26:11:18:44
蒋敦豪发长文回应,852177.0,2024-07-23 12:32,2024-1-26:11:18:44
985学霸当厨师未必是浪费学历,43464.0,2024-07-23 12:32,2024-1-26:11:18:44
老年男明星 性侵女服务员,1010733.0,2024-07-23 12:32,2024-1-26:11:18:44
肖战宝诗龙地广打卡,27491.0,2024-07-23 12:32,2024-1-26:11:18:44
莲花楼登爱奇艺热搜榜第一,834311.0,2024-07-23 12:32,2024-1-26:11:18:44
王鹤棣经纪人开了炸串店,800786.0,2024-07-23 12:32,2024-1-26:11:18:44
教师在产假期间被公示解聘,631700.0,2024-07-23 12:32,2024-1-26:11:18:44
杨洋父亲持股公司成老赖,534496.0,2024-07-23 12:32,2024-1-26:11:18:44
美特勤局承认几十年来最重大行动失败,465989.0,2024-07-23 12:32,2024-1-26:11:18:44
纪凌尘 黄景瑜的十分之一,452014.0,2024-07-23 12:32,2024-1-26:11:18:44
哈里斯称已获足够支持成美国总统候选人,428200.0,2024-07-23 12:32,2024-1-26:11:18:44
李亚鹏让妻子和他一起唱因为爱情,395103.0,2024-07-23 12:32,2024-1-26:11:18:44
建议大家不要带6岁以下孩子旅行,962255.0,2024-07-23 12:32,2024-1-26:11:18:44
中国人民大学,377256.0,2024-07-23 12:32,2024-1-26:11:18:44
人大通报王某某性骚扰,371108.0,2024-07-23 12:32,2024-1-26:11:18:44
140元药卖患者2980元,352050.0,2024-07-23 12:32,2024-1-26:11:18:44
拜登退选,343434.0,2024-07-23 12:32,2024-1-26:11:18:44
E起CityDrive,31409.0,2024-07-23 12:32,2024-1-26:11:18:44
日本近4成孤独死年轻人陈尸家中,336411.0,2024-07-23 12:32,2024-1-26:11:18:44
种地吧成员支持蒋敦豪,317959.0,2024-07-23 12:32,2024-1-26:11:18:44
看到娜然懂什么是刮骨刀了,317712.0,2024-07-23 12:32,2024-1-26:11:18:44
魏嘉再发文要求高亚麟道歉,290752.0,2024-07-23 12:32,2024-1-26:11:18:44
宇露君沾,279018.0,2024-07-23 12:32,2024-1-26:11:18:44
特朗普自称为下一任美国总统,278618.0,2024-07-23 12:32,2024-1-26:11:18:44
种地吧,265145.0,2024-07-23 12:32,2024-1-26:11:18:44
儿子给妈妈缠了1把扇子后暑假没了,263741.0,2024-07-23 12:32,2024-1-26:11:18:44
姑姑带10岁侄子爬楼半月瘦5斤,91177.0,2024-07-23 12:32,2024-1-26:11:18:44
韦世豪停赛,252591.0,2024-07-23 12:32,2024-1-26:11:18:44
甲状腺好的人有6个习惯,251297.0,2024-07-23 12:32,2024-1-26:11:18:44
樊振东被叫小胖至今经历了什么,250083.0,2024-07-23 12:32,2024-1-26:11:18:44
陈昊宇陈丽君版白娘子许仙,248573.0,2024-07-23 12:32,2024-1-26:11:18:44
哈里斯发声称赞拜登,248042.0,2024-07-23 12:32,2024-1-26:11:18:44
巴勒斯坦各派别在北京举行和解对话,235305.0,2024-07-23 12:32,2024-1-26:11:18:44
大学生9个月减重80斤父母认不出,221427.0,2024-07-23 12:32,2024-1-26:11:18:44
太二酸菜鱼降价也留不住客人,216946.0,2024-07-23 12:32,2024-1-26:11:18:44
留学生巴黎地铁口吹凉风直呼舒服,100246.0,2024-07-23 12:32,2024-1-26:11:18:44
在王源手上看到了物理防晒的重要性,205673.0,2024-07-23 12:32,2024-1-26:11:18:44
拜登退选后哈里斯首次公开露面,202165.0,2024-07-23 12:32,2024-1-26:11:18:44
团伙用3元淫秽视频获利60余万,201598.0,2024-07-23 12:32,2024-1-26:11:18:44
王菲经纪人否认演唱会传闻,200706.0,2024-07-23 12:32,2024-1-26:11:18:44
女子父亲病故摆2桌酒席被罚5千,196989.0,2024-07-23 12:32,2024-1-26:11:18:44
俄罗斯至少12名士兵因西瓜被下毒身亡,195994.0,2024-07-23 12:32,2024-1-26:11:18:44
丰巢回应骨灰盒放一年只要55块钱,2267660.0,2024-07-23 12:41,2024-1-26:11:26:35
法塔赫和哈马斯达成北京宣言,1351140.0,2024-07-23 12:41,2024-1-26:11:26:35
三星堆遗址考古发掘取得重要进展,223342.0,2024-07-23 12:41,2024-1-26:11:26:35
女子称拒绝镇干部前男友发生关系被打伤,1190890.0,2024-07-23 12:41,2024-1-26:11:26:35
Nike宣传片舔乒乓球拍引热议,1127555.0,2024-07-23 12:41,2024-1-26:11:26:35
王鹤棣经纪人开了炸串店,1050279.0,2024-07-23 12:41,2024-1-26:11:26:35
光遇复刻,967124.0,2024-07-23 12:41,2024-1-26:11:26:35
中国游客在日本遭抢劫被砍伤,953148.0,2024-07-23 12:41,2024-1-26:11:26:35
蒋敦豪发长文回应,867892.0,2024-07-23 12:41,2024-1-26:11:26:35
985学霸当厨师未必是浪费学历,71618.0,2024-07-23 12:41,2024-1-26:11:26:35
肖战宝诗龙地广打卡,35480.0,2024-07-23 12:41,2024-1-26:11:26:35
老年男明星 性侵女服务员,892131.0,2024-07-23 12:41,2024-1-26:11:26:35
太二酸菜鱼客单价跌至7年前,761690.0,2024-07-23 12:41,2024-1-26:11:26:35
莲花楼登爱奇艺热搜榜第一,690856.0,2024-07-23 12:41,2024-1-26:11:26:35
教师在产假期间被公示解聘,584986.0,2024-07-23 12:41,2024-1-26:11:26:35
杨洋父亲持股公司成老赖,578230.0,2024-07-23 12:41,2024-1-26:11:26:35
中国人民大学,440855.0,2024-07-23 12:41,2024-1-26:11:26:35
美特勤局承认几十年来最重大行动失败,428688.0,2024-07-23 12:41,2024-1-26:11:26:35
哈里斯称已获足够支持成美国总统候选人,419369.0,2024-07-23 12:41,2024-1-26:11:26:35
纪凌尘 黄景瑜的十分之一,402159.0,2024-07-23 12:41,2024-1-26:11:26:35
建议大家不要带6岁以下孩子旅行,934072.0,2024-07-23 12:41,2024-1-26:11:26:35
拜登退选,381440.0,2024-07-23 12:41,2024-1-26:11:26:35
李亚鹏让妻子和他一起唱因为爱情,371392.0,2024-07-23 12:41,2024-1-26:11:26:35
人大通报王某某性骚扰,350990.0,2024-07-23 12:41,2024-1-26:11:26:35
日本近4成孤独死年轻人陈尸家中,349980.0,2024-07-23 12:41,2024-1-26:11:26:35
种地吧成员支持蒋敦豪,318033.0,2024-07-23 12:41,2024-1-26:11:26:35
韦世豪停赛,298027.0,2024-07-23 12:41,2024-1-26:11:26:35
140元药卖患者2980元,295170.0,2024-07-23 12:41,2024-1-26:11:26:35
看到娜然懂什么是刮骨刀了,287681.0,2024-07-23 12:41,2024-1-26:11:26:35
哈里斯发声称赞拜登,278299.0,2024-07-23 12:41,2024-1-26:11:26:35
儿子给妈妈缠了1把扇子后暑假没了,265481.0,2024-07-23 12:41,2024-1-26:11:26:35
魏嘉再发文要求高亚麟道歉,254828.0,2024-07-23 12:41,2024-1-26:11:26:35
宇露君沾,253318.0,2024-07-23 12:41,2024-1-26:11:26:35
甲状腺好的人有6个习惯,250786.0,2024-07-23 12:41,2024-1-26:11:26:35
陈昊宇陈丽君版白娘子许仙,246908.0,2024-07-23 12:41,2024-1-26:11:26:35
E起CityDrive,23619.0,2024-07-23 12:41,2024-1-26:11:26:35
Gucci总监晒张凌赫送的苏绣,243461.0,2024-07-23 12:41,2024-1-26:11:26:35
樊振东被叫小胖至今经历了什么,233534.0,2024-07-23 12:41,2024-1-26:11:26:35
种地吧,227619.0,2024-07-23 12:41,2024-1-26:11:26:35
Newjeans出道前的视频,223081.0,2024-07-23 12:41,2024-1-26:11:26:35
特朗普自称为下一任美国总统,222655.0,2024-07-23 12:41,2024-1-26:11:26:35
大学生9个月减重80斤父母认不出,217331.0,2024-07-23 12:41,2024-1-26:11:26:35
巴勒斯坦各派别在北京举行和解对话,215340.0,2024-07-23 12:41,2024-1-26:11:26:35
团伙用3元淫秽视频获利60余万,211614.0,2024-07-23 12:41,2024-1-26:11:26:35
在王源手上看到了物理防晒的重要性,203613.0,2024-07-23 12:41,2024-1-26:11:26:35
度华年收官,203515.0,2024-07-23 12:41,2024-1-26:11:26:35
王菲经纪人否认演唱会传闻,202487.0,2024-07-23 12:41,2024-1-26:11:26:35
拜登退选后哈里斯首次公开露面,202810.0,2024-07-23 12:41,2024-1-26:11:26:35
女子父亲病故摆2桌酒席被罚5千,189244.0,2024-07-23 12:41,2024-1-26:11:26:35
太二酸菜鱼降价也留不住客人,187447.0,2024-07-23 12:41,2024-1-26:11:26:35
丰巢回应骨灰盒放一年只要55块钱,2246772.0,2024-07-23 12:49,2024-1-26:11:36:9
法塔赫和哈马斯达成北京宣言,1450217.0,2024-07-23 12:49,2024-1-26:11:36:9
三星堆遗址考古发掘取得重要进展,228138.0,2024-07-23 12:49,2024-1-26:11:36:9
Nike宣传片舔乒乓球拍引热议,1156283.0,2024-07-23 12:49,2024-1-26:11:36:9
王鹤棣经纪人开了炸串店,1178216.0,2024-07-23 12:49,2024-1-26:11:36:9
女子称拒绝镇干部前男友发生关系被打伤,1029938.0,2024-07-23 12:49,2024-1-26:11:36:9
中国游客在日本遭抢劫被砍伤,925980.0,2024-07-23 12:49,2024-1-26:11:36:9
蒋敦豪发长文回应,888805.0,2024-07-23 12:49,2024-1-26:11:36:9
光遇复刻,693377.0,2024-07-23 12:49,2024-1-26:11:36:9
985学霸当厨师未必是浪费学历,97148.0,2024-07-23 12:49,2024-1-26:11:36:9
老年男明星 性侵女服务员,823625.0,2024-07-23 12:49,2024-1-26:11:36:9
肖战宝诗龙地广打卡,41421.0,2024-07-23 12:49,2024-1-26:11:36:9
太二酸菜鱼客单价跌至7年前,642935.0,2024-07-23 12:49,2024-1-26:11:36:9
莲花楼登爱奇艺热搜榜第一,631741.0,2024-07-23 12:49,2024-1-26:11:36:9
杨洋父亲持股公司成老赖,585774.0,2024-07-23 12:49,2024-1-26:11:36:9
教师在产假期间被公示解聘,541830.0,2024-07-23 12:49,2024-1-26:11:36:9
哈里斯称已获足够支持成美国总统候选人,464409.0,2024-07-23 12:49,2024-1-26:11:36:9
中国人民大学,451243.0,2024-07-23 12:49,2024-1-26:11:36:9
美特勤局承认几十年来最重大行动失败,396035.0,2024-07-23 12:49,2024-1-26:11:36:9
拜登退选,379041.0,2024-07-23 12:49,2024-1-26:11:36:9
建议大家不要带6岁以下孩子旅行,913239.0,2024-07-23 12:49,2024-1-26:11:36:9
纪凌尘 黄景瑜的十分之一,370365.0,2024-07-23 12:49,2024-1-26:11:36:9
李亚鹏让妻子和他一起唱因为爱情,337835.0,2024-07-23 12:49,2024-1-26:11:36:9
人大通报王某某性骚扰,314325.0,2024-07-23 12:49,2024-1-26:11:36:9
种地吧成员支持蒋敦豪,311275.0,2024-07-23 12:49,2024-1-26:11:36:9
日本近4成孤独死年轻人陈尸家中,307449.0,2024-07-23 12:49,2024-1-26:11:36:9
韦世豪停赛,290426.0,2024-07-23 12:49,2024-1-26:11:36:9
Newjeans出道前的视频,289465.0,2024-07-23 12:49,2024-1-26:11:36:9
Gucci总监晒张凌赫送的苏绣,265923.0,2024-07-23 12:49,2024-1-26:11:36:9
看到娜然懂什么是刮骨刀了,256184.0,2024-07-23 12:49,2024-1-26:11:36:9
哈里斯发声称赞拜登,251309.0,2024-07-23 12:49,2024-1-26:11:36:9
儿子给妈妈缠了1把扇子后暑假没了,250017.0,2024-07-23 12:49,2024-1-26:11:36:9
140元药卖患者2980元,249502.0,2024-07-23 12:49,2024-1-26:11:36:9
甲状腺好的人有6个习惯,243908.0,2024-07-23 12:49,2024-1-26:11:36:9
魏嘉再发文要求高亚麟道歉,233741.0,2024-07-23 12:49,2024-1-26:11:36:9
宇露君沾,229449.0,2024-07-23 12:49,2024-1-26:11:36:9
团伙用3元淫秽视频获利60余万,226724.0,2024-07-23 12:49,2024-1-26:11:36:9
陈昊宇陈丽君版白娘子许仙,218781.0,2024-07-23 12:49,2024-1-26:11:36:9
樊振东被叫小胖至今经历了什么,218664.0,2024-07-23 12:49,2024-1-26:11:36:9
大学生9个月减重80斤父母认不出,216058.0,2024-07-23 12:49,2024-1-26:11:36:9
种地吧,215741.0,2024-07-23 12:49,2024-1-26:11:36:9
毛球醒了寻不到主人了,199703.0,2024-07-23 12:49,2024-1-26:11:36:9
度华年收官,197003.0,2024-07-23 12:49,2024-1-26:11:36:9
我们的歌第二轮阵容,196348.0,2024-07-23 12:49,2024-1-26:11:36:9
拜登退选后哈里斯首次公开露面,192872.0,2024-07-23 12:49,2024-1-26:11:36:9
在王源手上看到了物理防晒的重要性,191225.0,2024-07-23 12:49,2024-1-26:11:36:9
王菲经纪人否认演唱会传闻,190614.0,2024-07-23 12:49,2024-1-26:11:36:9
巴勒斯坦各派别在北京举行和解对话,186545.0,2024-07-23 12:49,2024-1-26:11:36:9
运动不只运动,185323.0,2024-07-23 12:49,2024-1-26:11:36:9
特朗普自称为下一任美国总统,182212.0,2024-07-23 12:49,2024-1-26:11:36:9
丰巢回应骨灰盒放一年只要55块钱,2115264.0,2024-07-23 12:56,2024-1-26:11:44:1
法塔赫和哈马斯达成北京宣言,1520041.0,2024-07-23 12:56,2024-1-26:11:44:1
三星堆遗址考古发掘取得重要进展,248279.0,2024-07-23 12:56,2024-1-26:11:44:1
Nike宣传片舔乒乓球拍引热议,1156540.0,2024-07-23 12:56,2024-1-26:11:44:1
女子称拒绝镇干部前男友发生关系被打伤,919630.0,2024-07-23 12:56,2024-1-26:11:44:1
蒋敦豪发长文回应,894229.0,2024-07-23 12:56,2024-1-26:11:44:1
中国游客在日本遭抢劫被砍伤,886231.0,2024-07-23 12:56,2024-1-26:11:44:1
莲花楼登爱奇艺热搜榜第一,607204.0,2024-07-23 12:56,2024-1-26:11:44:1
太二酸菜鱼客单价跌至7年前,582580.0,2024-07-23 12:56,2024-1-26:11:44:1
985学霸当厨师未必是浪费学历,116590.0,2024-07-23 12:56,2024-1-26:11:44:1
王鹤棣经纪人开了炸串店,1201385.0,2024-07-23 12:56,2024-1-26:11:44:1
肖战宝诗龙地广打卡,46615.0,2024-07-23 12:56,2024-1-26:11:44:1
拜登退选后民主党收到千万美元捐款,957060.0,2024-07-23 12:56,2024-1-26:11:44:1
老年男明星 性侵女服务员,789324.0,2024-07-23 12:56,2024-1-26:11:44:1
杨洋父亲持股公司成老赖,560931.0,2024-07-23 12:56,2024-1-26:11:44:1
教师在产假期间被公示解聘,528331.0,2024-07-23 12:56,2024-1-26:11:44:1
哈里斯称已获足够支持成美国总统候选人,513159.0,2024-07-23 12:56,2024-1-26:11:44:1
光遇复刻,504912.0,2024-07-23 12:56,2024-1-26:11:44:1
中国人民大学,481039.0,2024-07-23 12:56,2024-1-26:11:44:1
拜登退选,386583.0,2024-07-23 12:56,2024-1-26:11:44:1
建议大家不要带6岁以下孩子旅行,880284.0,2024-07-23 12:56,2024-1-26:11:44:1
美特勤局承认几十年来最重大行动失败,377046.0,2024-07-23 12:56,2024-1-26:11:44:1
纪凌尘 黄景瑜的十分之一,321856.0,2024-07-23 12:56,2024-1-26:11:44:1
人大通报王某某性骚扰,307685.0,2024-07-23 12:56,2024-1-26:11:44:1
李亚鹏让妻子和他一起唱因为爱情,307224.0,2024-07-23 12:56,2024-1-26:11:44:1
毛球醒了寻不到主人了,303089.0,2024-07-23 12:56,2024-1-26:11:44:1
种地吧成员支持蒋敦豪,297361.0,2024-07-23 12:56,2024-1-26:11:44:1
日本近4成孤独死年轻人陈尸家中,295813.0,2024-07-23 12:56,2024-1-26:11:44:1
Newjeans出道前的视频,282645.0,2024-07-23 12:56,2024-1-26:11:44:1
儿子给妈妈缠了1把扇子后暑假没了,274219.0,2024-07-23 12:56,2024-1-26:11:44:1
Gucci总监晒张凌赫送的苏绣,255451.0,2024-07-23 12:56,2024-1-26:11:44:1
哈里斯发声称赞拜登,252038.0,2024-07-23 12:56,2024-1-26:11:44:1
种地吧,238585.0,2024-07-23 12:56,2024-1-26:11:44:1
韦世豪停赛,238198.0,2024-07-23 12:56,2024-1-26:11:44:1
甲状腺好的人有6个习惯,234245.0,2024-07-23 12:56,2024-1-26:11:44:1
我家那闺女,230693.0,2024-07-23 12:56,2024-1-26:11:44:1
团伙用3元淫秽视频获利60余万,227263.0,2024-07-23 12:56,2024-1-26:11:44:1
看到娜然懂什么是刮骨刀了,223146.0,2024-07-23 12:56,2024-1-26:11:44:1
140元药卖患者2980元,219495.0,2024-07-23 12:56,2024-1-26:11:44:1
大学生9个月减重80斤父母认不出,211643.0,2024-07-23 12:56,2024-1-26:11:44:1
宇露君沾,210852.0,2024-07-23 12:56,2024-1-26:11:44:1
我们的歌第二轮阵容,209757.0,2024-07-23 12:56,2024-1-26:11:44:1
魏嘉再发文要求高亚麟道歉,206787.0,2024-07-23 12:56,2024-1-26:11:44:1
陈昊宇陈丽君版白娘子许仙,200803.0,2024-07-23 12:56,2024-1-26:11:44:1
眉姐姐建议多发疯少内耗,200463.0,2024-07-23 12:56,2024-1-26:11:44:1
运动不只运动,192374.0,2024-07-23 12:56,2024-1-26:11:44:1
樊振东被叫小胖至今经历了什么,199244.0,2024-07-23 12:56,2024-1-26:11:44:1
眉姐姐在丑衣服赛道又超常发挥了,198595.0,2024-07-23 12:56,2024-1-26:11:44:1
拜登退选后哈里斯首次公开露面,186286.0,2024-07-23 12:56,2024-1-26:11:44:1
负负得正海报,186211.0,2024-07-23 12:56,2024-1-26:11:44:1
丰巢回应骨灰盒放一年只要55块钱,1865185.0,2024-07-23 13:12,2024-1-26:11:52:1
法塔赫和哈马斯达成北京宣言,1573589.0,2024-07-23 13:12,2024-1-26:11:52:1
三星堆遗址考古发掘取得重要进展,225210.0,2024-07-23 13:12,2024-1-26:11:52:1
Nike宣传片舔乒乓球拍引热议,1172640.0,2024-07-23 13:12,2024-1-26:11:52:1
中国游客在日本遭抢劫被砍伤,865846.0,2024-07-23 13:12,2024-1-26:11:52:1
蒋敦豪发长文回应,794946.0,2024-07-23 13:12,2024-1-26:11:52:1
女子称拒绝镇干部前男友发生关系被打伤,789561.0,2024-07-23 13:12,2024-1-26:11:52:1
莲花楼登爱奇艺热搜榜第一,569027.0,2024-07-23 13:12,2024-1-26:11:52:1
哈里斯称已获足够支持成美国总统候选人,521740.0,2024-07-23 13:12,2024-1-26:11:52:1
夏天脾气暴可能是得了热怒症,58166.0,2024-07-23 13:12,2024-1-26:11:52:1
肖战宝诗龙地广打卡,57188.0,2024-07-23 13:12,2024-1-26:11:52:1
王鹤棣经纪人开了炸串店,1242216.0,2024-07-23 13:12,2024-1-26:11:52:1
老年男明星 性侵女服务员,713438.0,2024-07-23 13:12,2024-1-26:11:52:1
太二酸菜鱼客单价跌至7年前,514314.0,2024-07-23 13:12,2024-1-26:11:52:1
杨洋父亲持股公司成老赖,488287.0,2024-07-23 13:12,2024-1-26:11:52:1
中国人民大学,475606.0,2024-07-23 13:12,2024-1-26:11:52:1
教师在产假期间被公示解聘,440591.0,2024-07-23 13:12,2024-1-26:11:52:1
我家那闺女,402078.0,2024-07-23 13:12,2024-1-26:11:52:1
拜登退选,382460.0,2024-07-23 13:12,2024-1-26:11:52:1
光遇复刻,316672.0,2024-07-23 13:12,2024-1-26:11:52:1
建议大家不要带6岁以下孩子旅行,898534.0,2024-07-23 13:12,2024-1-26:11:52:1
毛球醒了寻不到主人了,312460.0,2024-07-23 13:12,2024-1-26:11:52:1
日本近4成孤独死年轻人陈尸家中,283098.0,2024-07-23 13:12,2024-1-26:11:52:1
种地吧成员支持蒋敦豪,273232.0,2024-07-23 13:12,2024-1-26:11:52:1
美特勤局承认几十年来最重大行动失败,260159.0,2024-07-23 13:12,2024-1-26:11:52:1
哈里斯发声称赞拜登,258941.0,2024-07-23 13:12,2024-1-26:11:52:1
人大通报王某某性骚扰,258255.0,2024-07-23 13:12,2024-1-26:11:52:1
种地吧,253076.0,2024-07-23 13:12,2024-1-26:11:52:1
李亚鹏让妻子和他一起唱因为爱情,249147.0,2024-07-23 13:12,2024-1-26:11:52:1
拜登退选后民主党收到千万美元捐款,239922.0,2024-07-23 13:12,2024-1-26:11:52:1
眉姐姐在丑衣服赛道又超常发挥了,238084.0,2024-07-23 13:12,2024-1-26:11:52:1
纪凌尘 黄景瑜的十分之一,234465.0,2024-07-23 13:12,2024-1-26:11:52:1
团伙用3元淫秽视频获利60余万,233540.0,2024-07-23 13:12,2024-1-26:11:52:1
儿子给妈妈缠了1把扇子后暑假没了,232583.0,2024-07-23 13:12,2024-1-26:11:52:1
Newjeans出道前的视频,227209.0,2024-07-23 13:12,2024-1-26:11:52:1
密室大逃脱,225597.0,2024-07-23 13:12,2024-1-26:11:52:1
甲状腺好的人有6个习惯,218410.0,2024-07-23 13:12,2024-1-26:11:52:1
范丞丞大热天玩火,33451.0,2024-07-23 13:12,2024-1-26:11:52:1
985学霸当厨师未必是浪费学历,211163.0,2024-07-23 13:12,2024-1-26:11:52:1
大学生9个月减重80斤父母认不出,207157.0,2024-07-23 13:12,2024-1-26:11:52:1
谁让她俩扮的仙白啊,205597.0,2024-07-23 13:12,2024-1-26:11:52:1
涂山璟热度破2亿,203560.0,2024-07-23 13:12,2024-1-26:11:52:1
看到娜然懂什么是刮骨刀了,202460.0,2024-07-23 13:12,2024-1-26:11:52:1
韦世豪停赛,198674.0,2024-07-23 13:12,2024-1-26:11:52:1
Gucci总监晒张凌赫送的苏绣,198731.0,2024-07-23 13:12,2024-1-26:11:52:1
负负得正海报,193674.0,2024-07-23 13:12,2024-1-26:11:52:1
第六周最佳选手今屿,187010.0,2024-07-23 13:12,2024-1-26:11:52:1
我们的歌第二轮阵容,181183.0,2024-07-23 13:12,2024-1-26:11:52:1
樊振东被叫小胖至今经历了什么,175068.0,2024-07-23 13:12,2024-1-26:11:52:1
拜登退选后哈里斯首次公开露面,173679.0,2024-07-23 13:12,2024-1-26:11:52:1
丰巢回应骨灰盒放一年只要55块钱,1552204.0,2024-07-23 13:29,2024-1-26:11:59:51
法塔赫和哈马斯达成北京宣言,1209915.0,2024-07-23 13:29,2024-1-26:11:59:51
三星堆遗址考古发掘取得重要进展,187832.0,2024-07-23 13:29,2024-1-26:11:59:51
蒋敦豪发长文回应,766249.0,2024-07-23 13:29,2024-1-26:11:59:51
Nike宣传片舔乒乓球拍引热议,755807.0,2024-07-23 13:29,2024-1-26:11:59:51
女子称拒绝镇干部前男友发生关系被打伤,700147.0,2024-07-23 13:29,2024-1-26:11:59:51
中国游客在日本遭抢劫被砍伤,679545.0,2024-07-23 13:29,2024-1-26:11:59:51
哈里斯称已获足够支持成美国总统候选人,611376.0,2024-07-23 13:29,2024-1-26:11:59:51
中国人民大学,491374.0,2024-07-23 13:29,2024-1-26:11:59:51
夏天脾气暴可能是得了热怒症,96072.0,2024-07-23 13:29,2024-1-26:11:59:51
王鹤棣经纪人开了炸串店,1171798.0,2024-07-23 13:29,2024-1-26:11:59:51
老年男明星 性侵女服务员,662947.0,2024-07-23 13:29,2024-1-26:11:59:51
莲花楼登爱奇艺热搜榜第一,489468.0,2024-07-23 13:29,2024-1-26:11:59:51
肖战宝诗龙地广打卡,61608.0,2024-07-23 13:29,2024-1-26:11:59:51
我家那闺女,458732.0,2024-07-23 13:29,2024-1-26:11:59:51
杨洋父亲持股公司成老赖,450656.0,2024-07-23 13:29,2024-1-26:11:59:51
太二酸菜鱼客单价跌至7年前,426550.0,2024-07-23 13:29,2024-1-26:11:59:51
范丞丞大热天玩火,26792.0,2024-07-23 13:29,2024-1-26:11:59:51
拜登退选,402696.0,2024-07-23 13:29,2024-1-26:11:59:51
教师在产假期间被公示解聘,366858.0,2024-07-23 13:29,2024-1-26:11:59:51
建议大家不要带6岁以下孩子旅行,854967.0,2024-07-23 13:29,2024-1-26:11:59:51
毛球醒了寻不到主人了,426995.0,2024-07-23 13:29,2024-1-26:11:59:51
密室大逃脱,366482.0,2024-07-23 13:29,2024-1-26:11:59:51
长相思2阿念一诺还一诺,400295.0,2024-07-23 13:29,2024-1-26:11:59:51
985学霸当厨师未必是浪费学历,273226.0,2024-07-23 13:29,2024-1-26:11:59:51
哈里斯发声称赞拜登,267580.0,2024-07-23 13:29,2024-1-26:11:59:51
种地吧成员支持蒋敦豪,264055.0,2024-07-23 13:29,2024-1-26:11:59:51
日本近4成孤独死年轻人陈尸家中,256511.0,2024-07-23 13:29,2024-1-26:11:59:51
儿子给妈妈缠了1把扇子后暑假没了,246571.0,2024-07-23 13:29,2024-1-26:11:59:51
种地吧,242628.0,2024-07-23 13:29,2024-1-26:11:59:51
团伙用3元淫秽视频获利60余万,235006.0,2024-07-23 13:29,2024-1-26:11:59:51
甲状腺好的人有6个习惯,217996.0,2024-07-23 13:29,2024-1-26:11:59:51
李荣书 Newjeans出道组,217962.0,2024-07-23 13:29,2024-1-26:11:59:51
买房不建议买槽钢层,217366.0,2024-07-23 13:29,2024-1-26:11:59:51
谁让她俩扮的仙白啊,213703.0,2024-07-23 13:29,2024-1-26:11:59:51
李亚鹏让妻子和他一起唱因为爱情,209714.0,2024-07-23 13:29,2024-1-26:11:59:51
人大通报王某某性骚扰,207818.0,2024-07-23 13:29,2024-1-26:11:59:51
光遇复刻,194128.0,2024-07-23 13:29,2024-1-26:11:59:51
美特勤局承认几十年来最重大行动失败,193827.0,2024-07-23 13:29,2024-1-26:11:59:51
Newjeans出道前的视频,192960.0,2024-07-23 13:29,2024-1-26:11:59:51
大学生9个月减重80斤父母认不出,183283.0,2024-07-23 13:29,2024-1-26:11:59:51
王菲经纪人否认演唱会传闻,183200.0,2024-07-23 13:29,2024-1-26:11:59:51
Gucci总监晒张凌赫送的苏绣,181507.0,2024-07-23 13:29,2024-1-26:11:59:51
韦世豪停赛,179340.0,2024-07-23 13:29,2024-1-26:11:59:51
汪苏泷郑州演唱会抢票,178135.0,2024-07-23 13:29,2024-1-26:11:59:51
眉姐姐在丑衣服赛道又超常发挥了,175870.0,2024-07-23 13:29,2024-1-26:11:59:51
樊振东被叫小胖至今经历了什么,174042.0,2024-07-23 13:29,2024-1-26:11:59:51
密室大逃脱6预告,168110.0,2024-07-23 13:29,2024-1-26:11:59:51
纪凌尘 黄景瑜的十分之一,167718.0,2024-07-23 13:29,2024-1-26:11:59:51
被跳水队的水下视角美到了,161199.0,2024-07-23 13:29,2024-1-26:11:59:51
丰巢回应骨灰盒放一年只要55块钱,1472631.0,2024-07-23 13:38,2024-1-26:12:21:26
法塔赫和哈马斯达成北京宣言,1308542.0,2024-07-23 13:38,2024-1-26:12:21:26
三星堆遗址考古发掘取得重要进展,188582.0,2024-07-23 13:38,2024-1-26:12:21:26
蒋敦豪发长文回应,742598.0,2024-07-23 13:38,2024-1-26:12:21:26
Nike宣传片舔乒乓球拍引热议,649765.0,2024-07-23 13:38,2024-1-26:12:21:26
女子称拒绝镇干部前男友发生关系被打伤,647766.0,2024-07-23 13:38,2024-1-26:12:21:26
中国游客在日本遭抢劫被砍伤,633806.0,2024-07-23 13:38,2024-1-26:12:21:26
长相思2阿念一诺还一诺,573403.0,2024-07-23 13:38,2024-1-26:12:21:26
哈里斯称已获足够支持成美国总统候选人,558929.0,2024-07-23 13:38,2024-1-26:12:21:26
男子获救后连鞠三躬感谢医护,70683.0,2024-07-23 13:38,2024-1-26:12:21:26
王鹤棣经纪人开了炸串店,1127773.0,2024-07-23 13:38,2024-1-26:12:21:26
范丞丞大热天玩火,35151.0,2024-07-23 13:38,2024-1-26:12:21:26
老年男明星 性侵女服务员,647965.0,2024-07-23 13:38,2024-1-26:12:21:26
中国人民大学,508368.0,2024-07-23 13:38,2024-1-26:12:21:26
莲花楼登爱奇艺热搜榜第一,457322.0,2024-07-23 13:38,2024-1-26:12:21:26
我家那闺女,442113.0,2024-07-23 13:38,2024-1-26:12:21:26
杨洋父亲持股公司成老赖,437665.0,2024-07-23 13:38,2024-1-26:12:21:26
太二酸菜鱼客单价跌至7年前,402316.0,2024-07-23 13:38,2024-1-26:12:21:26
拜登退选,362340.0,2024-07-23 13:38,2024-1-26:12:21:26
教师在产假期间被公示解聘,328954.0,2024-07-23 13:38,2024-1-26:12:21:26
建议大家不要带6岁以下孩子旅行,797607.0,2024-07-23 13:38,2024-1-26:12:21:26
毛球醒了寻不到主人了,420498.0,2024-07-23 13:38,2024-1-26:12:21:26
密室大逃脱,380755.0,2024-07-23 13:38,2024-1-26:12:21:26
李荣书 Newjeans出道组,350098.0,2024-07-23 13:38,2024-1-26:12:21:26
985学霸当厨师未必是浪费学历,264471.0,2024-07-23 13:38,2024-1-26:12:21:26
肖战宝诗龙地广打卡,54350.0,2024-07-23 13:38,2024-1-26:12:21:26
种地吧成员支持蒋敦豪,256678.0,2024-07-23 13:38,2024-1-26:12:21:26
儿子给妈妈缠了1把扇子后暑假没了,250379.0,2024-07-23 13:38,2024-1-26:12:21:26
哈里斯发声称赞拜登,242112.0,2024-07-23 13:38,2024-1-26:12:21:26
团伙用3元淫秽视频获利60余万,232381.0,2024-07-23 13:38,2024-1-26:12:21:26
宁夏一网红主播杀害妻子后自杀,259719.0,2024-07-23 13:38,2024-1-26:12:21:26
买房不建议买槽钢层,255510.0,2024-07-23 13:38,2024-1-26:12:21:26
日本近4成孤独死年轻人陈尸家中,231280.0,2024-07-23 13:38,2024-1-26:12:21:26
谁让她俩扮的仙白啊,227301.0,2024-07-23 13:38,2024-1-26:12:21:26
种地吧,224725.0,2024-07-23 13:38,2024-1-26:12:21:26
甲状腺好的人有6个习惯,211388.0,2024-07-23 13:38,2024-1-26:12:21:26
苏杉杉起诉丝芭,208483.0,2024-07-23 13:38,2024-1-26:12:21:26
大学生9个月减重80斤父母认不出,192181.0,2024-07-23 13:38,2024-1-26:12:21:26
人大通报王某某性骚扰,189605.0,2024-07-23 13:38,2024-1-26:12:21:26
汪苏泷郑州演唱会抢票,189496.0,2024-07-23 13:38,2024-1-26:12:21:26
李亚鹏让妻子和他一起唱因为爱情,187693.0,2024-07-23 13:38,2024-1-26:12:21:26
被跳水队的水下视角美到了,185501.0,2024-07-23 13:38,2024-1-26:12:21:26
夏天脾气暴可能是得了热怒症,170984.0,2024-07-23 13:38,2024-1-26:12:21:26
密室大逃脱6预告,187421.0,2024-07-23 13:38,2024-1-26:12:21:26
韦世豪停赛,182572.0,2024-07-23 13:38,2024-1-26:12:21:26
Gucci总监晒张凌赫送的苏绣,174248.0,2024-07-23 13:38,2024-1-26:12:21:26
王菲经纪人否认演唱会传闻,173674.0,2024-07-23 13:38,2024-1-26:12:21:26
Newjeans出道前的视频,171931.0,2024-07-23 13:38,2024-1-26:12:21:26
美特勤局承认几十年来最重大行动失败,170898.0,2024-07-23 13:38,2024-1-26:12:21:26
眉姐姐在丑衣服赛道又超常发挥了,165056.0,2024-07-23 13:38,2024-1-26:12:21:26
丰巢回应骨灰盒放一年只要55块钱,1458537.0,2024-07-23 13:46,2024-1-26:12:31:38
法塔赫和哈马斯达成北京宣言,1285286.0,2024-07-23 13:46,2024-1-26:12:31:38
三星堆遗址考古发掘取得重要进展,201803.0,2024-07-23 13:46,2024-1-26:12:31:38
蒋敦豪发长文回应,707930.0,2024-07-23 13:46,2024-1-26:12:31:38
长相思2阿念一诺还一诺,684771.0,2024-07-23 13:46,2024-1-26:12:31:38
女子称拒绝镇干部前男友发生关系被打伤,635838.0,2024-07-23 13:46,2024-1-26:12:31:38
中国游客在日本遭抢劫被砍伤,629970.0,2024-07-23 13:46,2024-1-26:12:31:38
Nike宣传片舔乒乓球拍引热议,555558.0,2024-07-23 13:46,2024-1-26:12:31:38
哈里斯称已获足够支持成美国总统候选人,515164.0,2024-07-23 13:46,2024-1-26:12:31:38
男子获救后连鞠三躬感谢医护,54780.0,2024-07-23 13:46,2024-1-26:12:31:38
王鹤棣经纪人开了炸串店,1082093.0,2024-07-23 13:46,2024-1-26:12:31:38
老年男明星 性侵女服务员,639395.0,2024-07-23 13:46,2024-1-26:12:31:38
范丞丞大热天玩火,45405.0,2024-07-23 13:46,2024-1-26:12:31:38
李荣书 Newjeans出道组,462838.0,2024-07-23 13:46,2024-1-26:12:31:38
杨洋父亲持股公司成老赖,441025.0,2024-07-23 13:46,2024-1-26:12:31:38
莲花楼登爱奇艺热搜榜第一,414438.0,2024-07-23 13:46,2024-1-26:12:31:38
中国人民大学,389851.0,2024-07-23 13:46,2024-1-26:12:31:38
拜登退选,360230.0,2024-07-23 13:46,2024-1-26:12:31:38
教师在产假期间被公示解聘,353874.0,2024-07-23 13:46,2024-1-26:12:31:38
太二酸菜鱼客单价跌至7年前,353628.0,2024-07-23 13:46,2024-1-26:12:31:38
建议大家不要带6岁以下孩子旅行,746449.0,2024-07-23 13:46,2024-1-26:12:31:38
我家那闺女,410152.0,2024-07-23 13:46,2024-1-26:12:31:38
宁夏一网红主播杀害妻子后自杀,391730.0,2024-07-23 13:46,2024-1-26:12:31:38
霍思燕 纯胖,378714.0,2024-07-23 13:46,2024-1-26:12:31:38
毛球醒了寻不到主人了,348605.0,2024-07-23 13:46,2024-1-26:12:31:38
密室大逃脱,336210.0,2024-07-23 13:46,2024-1-26:12:31:38
夏天脾气暴可能是得了热怒症,261113.0,2024-07-23 13:46,2024-1-26:12:31:38
种地吧成员支持蒋敦豪,245374.0,2024-07-23 13:46,2024-1-26:12:31:38
哈里斯发声称赞拜登,242292.0,2024-07-23 13:46,2024-1-26:12:31:38
苏杉杉起诉丝芭,240247.0,2024-07-23 13:46,2024-1-26:12:31:38
买房不建议买槽钢层,276703.0,2024-07-23 13:46,2024-1-26:12:31:38
985学霸当厨师未必是浪费学历,239759.0,2024-07-23 13:46,2024-1-26:12:31:38
团伙用3元淫秽视频获利60余万,225472.0,2024-07-23 13:46,2024-1-26:12:31:38
谁让她俩扮的仙白啊,224088.0,2024-07-23 13:46,2024-1-26:12:31:38
儿子给妈妈缠了1把扇子后暑假没了,217284.0,2024-07-23 13:46,2024-1-26:12:31:38
日本近4成孤独死年轻人陈尸家中,214232.0,2024-07-23 13:46,2024-1-26:12:31:38
种地吧,214103.0,2024-07-23 13:46,2024-1-26:12:31:38
甲状腺好的人有6个习惯,205558.0,2024-07-23 13:46,2024-1-26:12:31:38
汪苏泷郑州演唱会抢票,202106.0,2024-07-23 13:46,2024-1-26:12:31:38
被跳水队的水下视角美到了,197266.0,2024-07-23 13:46,2024-1-26:12:31:38
拜登退选后哈里斯首次公开露面,190049.0,2024-07-23 13:46,2024-1-26:12:31:38
男子疑在阿勒泰发现石油,186664.0,2024-07-23 13:46,2024-1-26:12:31:38
大学生9个月减重80斤父母认不出,182772.0,2024-07-23 13:46,2024-1-26:12:31:38
韦世豪停赛,175302.0,2024-07-23 13:46,2024-1-26:12:31:38
李亚鹏让妻子和他一起唱因为爱情,169502.0,2024-07-23 13:46,2024-1-26:12:31:38
王菲经纪人否认演唱会传闻,168636.0,2024-07-23 13:46,2024-1-26:12:31:38
长相思,165068.0,2024-07-23 13:46,2024-1-26:12:31:38
美特勤局承认几十年来最重大行动失败,162737.0,2024-07-23 13:46,2024-1-26:12:31:38
人大通报王某某性骚扰,162317.0,2024-07-23 13:46,2024-1-26:12:31:38
眉姐姐在丑衣服赛道又超常发挥了,156588.0,2024-07-23 13:46,2024-1-26:12:31:38
