word,hot,mid,time
TFBOYS发文支持王源,811783,5058691881238956,2024-7-22:0:12:48
虎门一公职人员贩毒被执行死刑,728950,5058641239478664,2024-7-22:0:12:48
暴雨来袭不要这样做,53602,5058652494889296,2024-7-22:0:12:48
张元英踩到安宥真的裙子,659484,5058712865082644,2024-7-22:0:12:48
做过近视眼手术的人嘴都这么严吗,487122,5058669362021753,2024-7-22:0:12:48
盗墓团伙要价1.8亿的文物被追回,331705,5058677811973050,2024-7-22:0:12:48
高会,442409,5058701983745029,2024-7-22:0:12:48
为什么现在很少看到灾难片了,272010,5058680454122293,2024-7-22:0:12:48
悉尼一父亲救滚入轨道的婴儿车不幸死亡,246985,5058630838389184,2024-7-22:0:12:48
内蒙05后人均一米八,40817,5058672621785136,2024-7-22:0:12:48
五一广场车祸,2209874,5058724423008280,2024-7-22:0:12:48
男女店内亲热被店家请离后给差评,1008240,5058631995228214,2024-7-22:0:12:48
王源回重庆不回家住的原因,266362,5058667867015440,2024-7-22:0:12:48
王贵元,926390,5058680156590215,2024-7-22:0:12:48
延迟退休,634165,,2024-7-22:0:12:48
黄子韬徐艺洋公开后秀恩爱,606611,5058620587512249,2024-7-22:0:12:48
吃饭偶遇张婧仪做服务员,494355,5058676924879947,2024-7-22:0:12:48
胎儿检出超雄孕妇完成终止妊娠手术,454000,5058576772498386,2024-7-22:0:12:48
长沙,310088,5058697227143835,2024-7-22:0:12:48
人大教授王贵元 性骚扰,273797,5058719383029710,2024-7-22:0:12:48
阳虚还是阴虚看出汗就能知道,272783,5058676383552082,2024-7-22:0:12:48
陕西桥梁垮塌事故已致15人遇难,237845,5058696121682949,2024-7-22:0:12:48
单依纯都搞唱跳了,224390,5058688551751144,2024-7-22:0:12:48
相柳小夭见的最后一面,222152,5058570381167726,2024-7-22:0:12:48
预制菜已经发展到这个地步了,216596,5058652117667206,2024-7-22:0:12:48
泰国队员想来中国队宿舍凉快,203900,5058641128594309,2024-7-22:0:12:48
男婴出生2天腿部青紫查出罕见病,201984,5058637720453504,2024-7-22:0:12:48
赵露思直播怼脸镜头,193656,5058693866201081,2024-7-22:0:12:48
种地吧回应加人,184512,5058256708044446,2024-7-22:0:12:48
薛之谦压轴,183838,5058721821231393,2024-7-22:0:12:48
陕西塌桥一落水者因打开车窗获救,171913,5058681710061510,2024-7-22:0:12:48
登陆计划抽奖,166383,5058675458708511,2024-7-22:0:12:48
三中全会决定60条,165400,5058612827525896,2024-7-22:0:12:48
南京大屠杀幸存者周智林老人去世,164743,5058698649018908,2024-7-22:0:12:48
周深今天好闪,162699,5058633866675945,2024-7-22:0:12:48
熬过4个易发胖时刻变瘦就容易了,150472,5058503506395971,2024-7-22:0:12:48
赵露思ID耙耙柑儿,148879,5058702247991300,2024-7-22:0:12:48
唐诡2仵作之死最惨的是谁,144609,5058641542255349,2024-7-22:0:12:48
中国人民大学,2043196,5058680156590215,2024-7-22:0:12:48
周深TMEA年度男歌手,148416,5058703029701317,2024-7-22:0:12:48
杨幂画的手稿,142676,5058672233545858,2024-7-22:0:12:48
为啥鸡的身体零件比整只鸡贵,138807,5058692315613212,2024-7-22:0:12:48
陈丽君凤求凰好英气,131219,5058681424843186,2024-7-22:0:12:48
时代峰峻否认张真源贺峻霖恋情,127391,5058679007084562,2024-7-22:0:12:48
博物馆的千年文物开花了,122170,5058677049919774,2024-7-22:0:12:48
周深TMEA压轴,119837,5058708499075902,2024-7-22:0:12:48
宋丹丹张新成演恋人,118395,5058638372667828,2024-7-22:0:12:48
英雄联盟手游取消赵露思置顶,114615,5058606927972475,2024-7-22:0:12:48
王楚钦早六晚十练了两年了,114191,5058664572393623,2024-7-22:0:12:48
蒲熠星JOJO私下关系,103909,5058689786448965,2024-7-22:0:12:48
TFBOYS发文支持王源,606803,5058691881238956,2024-7-22:0:32:6
虎门一公职人员贩毒被执行死刑,537652,5058641239478664,2024-7-22:0:32:6
暴雨来袭不要这样做,47721,5058652494889296,2024-7-22:0:32:6
为什么现在很少看到灾难片了,513993,5058680454122293,2024-7-22:0:32:6
做过近视眼手术的人嘴都这么严吗,404357,5058669362021753,2024-7-22:0:32:6
盗墓团伙要价1.8亿的文物被追回,244475,5058677811973050,2024-7-22:0:32:6
张元英踩到安宥真的裙子,476324,5058712865082644,2024-7-22:0:32:6
高会,276937,5058701983745029,2024-7-22:0:32:6
陕西桥梁垮塌事故已致15人遇难,235998,5058696121682949,2024-7-22:0:32:6
悉尼一父亲救滚入轨道的婴儿车不幸死亡,168910,5058630838389184,2024-7-22:0:32:6
人大教授王贵元 性骚扰,2089625,5058718836198981,2024-7-22:0:32:6
五一广场车祸,1769566,5058728732137494,2024-7-22:0:32:6
男女店内亲热被店家请离后给差评,812959,5058631995228214,2024-7-22:0:32:6
王源回重庆不回家住的原因,208897,5058667867015440,2024-7-22:0:32:6
王贵元,786880,5058680156590215,2024-7-22:0:32:6
延迟退休,550551,5058665894117600,2024-7-22:0:32:6
黄子韬徐艺洋公开后秀恩爱,492617,5058620587512249,2024-7-22:0:32:6
吃饭偶遇张婧仪做服务员,375177,5058676924879947,2024-7-22:0:32:6
考上同一军校双胞胎收到录取通知书了,36845,5058689926435074,2024-7-22:0:32:6
胎儿检出超雄孕妇完成终止妊娠手术,369081,5058576772498386,2024-7-22:0:32:6
阳虚还是阴虚看出汗就能知道,226460,5058676383552082,2024-7-22:0:32:6
长沙,203459,5058697227143835,2024-7-22:0:32:6
单依纯都搞唱跳了,194467,5058688551751144,2024-7-22:0:32:6
相柳小夭见的最后一面,186291,5058570381167726,2024-7-22:0:32:6
熬过4个易发胖时刻变瘦就容易了,184875,5058503506395971,2024-7-22:0:32:6
种地吧回应加人,169834,5058256708044446,2024-7-22:0:32:6
预制菜已经发展到这个地步了,160561,5058652117667206,2024-7-22:0:32:6
泰国队员想来中国队宿舍凉快,159620,5058641128594309,2024-7-22:0:32:6
赵露思直播怼脸镜头,151002,5058693866201081,2024-7-22:0:32:6
内蒙05后人均一米八,56336,5058672621785136,2024-7-22:0:32:6
男婴出生2天腿部青紫查出罕见病,150281,5058637720453504,2024-7-22:0:32:6
薛之谦压轴,147039,5058721821231393,2024-7-22:0:32:6
为啥鸡的身体零件比整只鸡贵,128461,5058692315613212,2024-7-22:0:32:6
南京大屠杀幸存者周智林老人去世,122390,5058698649018908,2024-7-22:0:32:6
赵露思ID耙耙柑儿,120979,5058702247991300,2024-7-22:0:32:6
陕西塌桥一落水者因打开车窗获救,114259,5058681710061510,2024-7-22:0:32:6
三中全会决定60条,113818,5058612827525896,2024-7-22:0:32:6
杨幂画的手稿,110625,5058672233545858,2024-7-22:0:32:6
唐诡2仵作之死最惨的是谁,110178,5058641542255349,2024-7-22:0:32:6
英雄联盟手游取消赵露思置顶,111862,5058606927972475,2024-7-22:0:32:6
时代峰峻否认张真源贺峻霖恋情,100736,5058679007084562,2024-7-22:0:32:6
周深TMEA年度男歌手,98496,5058703029701317,2024-7-22:0:32:6
宝马回应临时加价4S店才交车,97312,5058691215132653,2024-7-22:0:32:6
陈丽君凤求凰好英气,96724,5058681424843186,2024-7-22:0:32:6
周深今天好闪,93826,5058633866675945,2024-7-22:0:32:6
王楚钦早六晚十练了两年了,90216,5058664572393623,2024-7-22:0:32:6
花儿与少年直播,85799,5058676392725015,2024-7-22:0:32:6
蒲熠星JOJO私下关系,82911,5058689786448965,2024-7-22:0:32:6
博物馆的千年文物开花了,82219,5058677049919774,2024-7-22:0:32:6
周深TMEA压轴,88443,5058708499075902,2024-7-22:0:32:6
为什么现在很少看到灾难片了,528861,5058680454122293,2024-7-22:0:44:46
虎门一公职人员贩毒被执行死刑,449513,5058641239478664,2024-7-22:0:44:46
暴雨来袭不要这样做,47252,5058652494889296,2024-7-22:0:44:46
TFBOYS发文支持王源,516168,5058691881238956,2024-7-22:0:44:46
做过近视眼手术的人嘴都这么严吗,357989,5058669362021753,2024-7-22:0:44:46
陕西桥梁垮塌事故已致15人遇难,238935,5058696121682949,2024-7-22:0:44:46
张元英踩到安宥真的裙子,429565,5058712865082644,2024-7-22:0:44:46
盗墓团伙要价1.8亿的文物被追回,222543,5058677811973050,2024-7-22:0:44:46
高会,199940,5058701983745029,2024-7-22:0:44:46
考上同一军校双胞胎收到录取通知书了,23840,5058689926435074,2024-7-22:0:44:46
人大教授王贵元 性骚扰,2111537,5058719073439353,2024-7-22:0:44:46
五一广场车祸,1464998,5058710269853862,2024-7-22:0:44:46
男女店内亲热被店家请离后给差评,690235,5058631995228214,2024-7-22:0:44:46
王贵元,595417,5058680156590215,2024-7-22:0:44:46
延迟退休,562213,5058665894117600,2024-7-22:0:44:46
黄子韬徐艺洋公开后秀恩爱,456325,5058620587512249,2024-7-22:0:44:46
吃饭偶遇张婧仪做服务员,333040,5058676924879947,2024-7-22:0:44:46
胎儿检出超雄孕妇完成终止妊娠手术,324932,5058576772498386,2024-7-22:0:44:46
长沙,193525,5058697227143835,2024-7-22:0:44:46
王源回重庆不回家住的原因,184980,5058667867015440,2024-7-22:0:44:46
熬过4个易发胖时刻变瘦就容易了,195698,5058503506395971,2024-7-22:0:44:46
阳虚还是阴虚看出汗就能知道,188260,5058676383552082,2024-7-22:0:44:46
单依纯都搞唱跳了,180867,5058688551751144,2024-7-22:0:44:46
种地吧回应加人,165430,5058256708044446,2024-7-22:0:44:46
相柳小夭见的最后一面,162565,5058570381167726,2024-7-22:0:44:46
悉尼一父亲救滚入轨道的婴儿车不幸死亡,156679,5058630838389184,2024-7-22:0:44:46
预制菜已经发展到这个地步了,149702,5058652117667206,2024-7-22:0:44:46
泰国队员想来中国队宿舍凉快,140603,5058641128594309,2024-7-22:0:44:46
赵露思直播怼脸镜头,130455,5058693866201081,2024-7-22:0:44:46
薛之谦压轴,125602,5058721821231393,2024-7-22:0:44:46
为啥鸡的身体零件比整只鸡贵,124617,5058692315613212,2024-7-22:0:44:46
男婴出生2天腿部青紫查出罕见病,124551,5058637720453504,2024-7-22:0:44:46
宝马回应临时加价4S店才交车,120081,5058691215132653,2024-7-22:0:44:46
英雄联盟手游取消赵露思置顶,109114,5058606927972475,2024-7-22:0:44:46
被奶奶的手机壳震惊到了,103885,5058621071167269,2024-7-22:0:44:46
三中全会决定60条,98985,5058612827525896,2024-7-22:0:44:46
南京大屠杀幸存者周智林老人去世,98438,5058698649018908,2024-7-22:0:44:46
杨幂画的手稿,97916,5058672233545858,2024-7-22:0:44:46
赵露思ID耙耙柑儿,107198,5058702247991300,2024-7-22:0:44:46
陕西塌桥一落水者因打开车窗获救,96518,5058681710061510,2024-7-22:0:44:46
唐诡2仵作之死最惨的是谁,93771,5058641542255349,2024-7-22:0:44:46
时代峰峻否认张真源贺峻霖恋情,91240,5058679007084562,2024-7-22:0:44:46
周深TMEA年度男歌手,84938,5058703029701317,2024-7-22:0:44:46
陈丽君凤求凰好英气,82036,5058681424843186,2024-7-22:0:44:46
王楚钦早六晚十练了两年了,81902,5058664572393623,2024-7-22:0:44:46
内蒙05后人均一米八,80248,5058672621785136,2024-7-22:0:44:46
蒲熠星JOJO私下关系,75586,5058689786448965,2024-7-22:0:44:46
周深TMEA压轴,78739,5058708499075902,2024-7-22:0:44:46
赵雅芝叶童重现打伞名场面,70719,5058305642988472,2024-7-22:0:44:46
博物馆的千年文物开花了,69258,5058677049919774,2024-7-22:0:44:46
为什么现在很少看到灾难片了,618067,5058680454122293,2024-7-22:0:52:19
虎门一公职人员贩毒被执行死刑,400998,5058641239478664,2024-7-22:0:52:19
暴雨来袭不要这样做,43701,5058652494889296,2024-7-22:0:52:19
TFBOYS发文支持王源,433008,5058691881238956,2024-7-22:0:52:19
做过近视眼手术的人嘴都这么严吗,329748,5058669362021753,2024-7-22:0:52:19
陕西桥梁垮塌事故已致15人遇难,225617,5058696121682949,2024-7-22:0:52:19
张元英踩到安宥真的裙子,379922,5058712865082644,2024-7-22:0:52:19
盗墓团伙要价1.8亿的文物被追回,218772,5058677811973050,2024-7-22:0:52:19
王源回重庆不回家住的原因,177284,5058667867015440,2024-7-22:0:52:19
考上同一军校双胞胎收到录取通知书了,23007,5058689926435074,2024-7-22:0:52:19
人大教授王贵元 性骚扰,2080586,5058729995410741,2024-7-22:0:52:19
五一广场车祸,1347635,5058704409889034,2024-7-22:0:52:19
男女店内亲热被店家请离后给差评,637716,5058631995228214,2024-7-22:0:52:19
王贵元,516707,5058680156590215,2024-7-22:0:52:19
延迟退休,512873,5058665894117600,2024-7-22:0:52:19
黄子韬徐艺洋公开后秀恩爱,422345,5058620587512249,2024-7-22:0:52:19
胎儿检出超雄孕妇完成终止妊娠手术,308037,5058576772498386,2024-7-22:0:52:19
吃饭偶遇张婧仪做服务员,303001,5058676924879947,2024-7-22:0:52:19
长沙,170937,5058697227143835,2024-7-22:0:52:19
高会,168572,5058701983745029,2024-7-22:0:52:19
熬过4个易发胖时刻变瘦就容易了,173390,5058503506395971,2024-7-22:0:52:19
阳虚还是阴虚看出汗就能知道,167830,5058676383552082,2024-7-22:0:52:19
单依纯都搞唱跳了,163355,5058688551751144,2024-7-22:0:52:19
种地吧回应加人,162581,5058256708044446,2024-7-22:0:52:19
相柳小夭见的最后一面,151698,5058570381167726,2024-7-22:0:52:19
预制菜已经发展到这个地步了,136250,5058652117667206,2024-7-22:0:52:19
被奶奶的手机壳震惊到了,136054,5058621071167269,2024-7-22:0:52:19
泰国队员想来中国队宿舍凉快,130931,5058641128594309,2024-7-22:0:52:19
悉尼一父亲救滚入轨道的婴儿车不幸死亡,128439,5058630838389184,2024-7-22:0:52:19
赵露思直播怼脸镜头,124340,5058693866201081,2024-7-22:0:52:19
宝马回应临时加价4S店才交车,120610,5058691215132653,2024-7-22:0:52:19
薛之谦压轴,115661,5058721821231393,2024-7-22:0:52:19
男婴出生2天腿部青紫查出罕见病,112857,5058637720453504,2024-7-22:0:52:19
为啥鸡的身体零件比整只鸡贵,111825,5058692315613212,2024-7-22:0:52:19
英雄联盟手游取消赵露思置顶,107042,5058606927972475,2024-7-22:0:52:19
杨幂画的手稿,89240,5058672233545858,2024-7-22:0:52:19
南京大屠杀幸存者周智林老人去世,88026,5058698649018908,2024-7-22:0:52:19
唐诡2仵作之死最惨的是谁,87278,5058641542255349,2024-7-22:0:52:19
陕西塌桥一落水者因打开车窗获救,85661,5058681710061510,2024-7-22:0:52:19
赵露思ID耙耙柑儿,95609,5058702247991300,2024-7-22:0:52:19
时代峰峻否认张真源贺峻霖恋情,85542,5058679007084562,2024-7-22:0:52:19
三中全会决定60条,85328,5058612827525896,2024-7-22:0:52:19
王楚钦早六晚十练了两年了,78158,5058664572393623,2024-7-22:0:52:19
内蒙05后人均一米八,73619,5058672621785136,2024-7-22:0:52:19
赵雅芝叶童重现打伞名场面,72817,5058305642988472,2024-7-22:0:52:19
陈丽君凤求凰好英气,71122,5058681424843186,2024-7-22:0:52:19
周深TMEA压轴,71083,5058708499075902,2024-7-22:0:52:19
蒲熠星JOJO私下关系,68106,5058689786448965,2024-7-22:0:52:19
花儿与少年直播,61087,5058676392725015,2024-7-22:0:52:19
博物馆的千年文物开花了,60967,5058677049919774,2024-7-22:0:52:19
为什么现在很少看到灾难片了,673663,5058680454122293,2024-7-22:0:59:54
虎门一公职人员贩毒被执行死刑,356979,5058641239478664,2024-7-22:0:59:54
暴雨来袭不要这样做,39357,5058652494889296,2024-7-22:0:59:54
TFBOYS发文支持王源,357285,5058691881238956,2024-7-22:0:59:54
做过近视眼手术的人嘴都这么严吗,301272,5058669362021753,2024-7-22:0:59:54
陕西桥梁垮塌事故已致15人遇难,242883,5058696121682949,2024-7-22:0:59:54
张元英踩到安宥真的裙子,330082,5058712865082644,2024-7-22:0:59:54
盗墓团伙要价1.8亿的文物被追回,204660,5058677811973050,2024-7-22:0:59:54
王源回重庆不回家住的原因,161530,5058667867015440,2024-7-22:0:59:54
预制菜已经发展到这个地步了,122188,5058652117667206,2024-7-22:0:59:54
人大教授王贵元 性骚扰,1968498,5058728525302312,2024-7-22:0:59:54
五一广场车祸,1178582,5058726092611277,2024-7-22:0:59:54
男女店内亲热被店家请离后给差评,568170,5058631995228214,2024-7-22:0:59:54
考上同一军校双胞胎收到录取通知书了,21656,5058689926435074,2024-7-22:0:59:54
延迟退休,465168,5058665894117600,2024-7-22:0:59:54
王贵元,437362,5058680156590215,2024-7-22:0:59:54
黄子韬徐艺洋公开后秀恩爱,378165,5058620587512249,2024-7-22:0:59:54
胎儿检出超雄孕妇完成终止妊娠手术,283678,5058576772498386,2024-7-22:0:59:54
吃饭偶遇张婧仪做服务员,257387,5058676924879947,2024-7-22:0:59:54
长沙,152471,5058697227143835,2024-7-22:0:59:54
熬过4个易发胖时刻变瘦就容易了,166002,5058503506395971,2024-7-22:0:59:54
阳虚还是阴虚看出汗就能知道,152888,5058676383552082,2024-7-22:0:59:54
被奶奶的手机壳震惊到了,150818,5058621071167269,2024-7-22:0:59:54
种地吧回应加人,144021,5058256708044446,2024-7-22:0:59:54
单依纯都搞唱跳了,145499,5058688551751144,2024-7-22:0:59:54
相柳小夭见的最后一面,134509,5058570381167726,2024-7-22:0:59:54
高会,133684,5058701983745029,2024-7-22:0:59:54
宝马回应临时加价4S店才交车,125380,5058691215132653,2024-7-22:0:59:54
悉尼一父亲救滚入轨道的婴儿车不幸死亡,116281,5058630838389184,2024-7-22:0:59:54
大熊猫北辰是实心的实锤了,22503,5058603272898753,2024-7-22:0:59:54
泰国队员想来中国队宿舍凉快,114595,5058641128594309,2024-7-22:0:59:54
赵露思直播怼脸镜头,112245,5058693866201081,2024-7-22:0:59:54
为啥鸡的身体零件比整只鸡贵,110136,5058692315613212,2024-7-22:0:59:54
男婴出生2天腿部青紫查出罕见病,103427,5058637720453504,2024-7-22:0:59:54
薛之谦压轴,102522,5058721821231393,2024-7-22:0:59:54
杨幂画的手稿,80651,5058672233545858,2024-7-22:0:59:54
英雄联盟手游取消赵露思置顶,100860,5058606927972475,2024-7-22:0:59:54
唐诡2仵作之死最惨的是谁,79091,5058641542255349,2024-7-22:0:59:54
时代峰峻否认张真源贺峻霖恋情,78066,5058679007084562,2024-7-22:0:59:54
陕西塌桥一落水者因打开车窗获救,76983,5058681710061510,2024-7-22:0:59:54
南京大屠杀幸存者周智林老人去世,76071,5058698649018908,2024-7-22:0:59:54
赵露思ID耙耙柑儿,84691,5058702247991300,2024-7-22:0:59:54
三中全会决定60条,74132,5058612827525896,2024-7-22:0:59:54
王楚钦早六晚十练了两年了,71067,5058664572393623,2024-7-22:0:59:54
周深TMEA压轴,64909,5058708499075902,2024-7-22:0:59:54
陈丽君凤求凰好英气,63384,5058681424843186,2024-7-22:0:59:54
蒲熠星JOJO私下关系,63124,5058689786448965,2024-7-22:0:59:54
内蒙05后人均一米八,60243,5058672621785136,2024-7-22:0:59:54
赵雅芝叶童重现打伞名场面,59844,5058305642988472,2024-7-22:0:59:54
周深TMEA年度男歌手,63058,5058703029701317,2024-7-22:0:59:54
为什么现在很少看到灾难片了,632628,5058680454122293,2024-7-22:1:14:29
虎门一公职人员贩毒被执行死刑,285153,5058641239478664,2024-7-22:1:14:29
暴雨来袭不要这样做,35507,5058652494889296,2024-7-22:1:14:29
TFBOYS发文支持王源,267479,5058691881238956,2024-7-22:1:14:29
做过近视眼手术的人嘴都这么严吗,251018,5058669362021753,2024-7-22:1:14:29
陕西桥梁垮塌事故已致15人遇难,204257,5058696121682949,2024-7-22:1:14:29
张元英踩到安宥真的裙子,252934,5058712865082644,2024-7-22:1:14:29
盗墓团伙要价1.8亿的文物被追回,173134,5058677811973050,2024-7-22:1:14:29
种地吧回应加人,125659,5058256708044446,2024-7-22:1:14:29
大熊猫北辰是实心的实锤了,17167,5058603272898753,2024-7-22:1:14:29
五一广场车祸,981278,5058724423008280,2024-7-22:1:14:29
男女店内亲热被店家请离后给差评,480123,5058631995228214,2024-7-22:1:14:29
王源回重庆不回家住的原因,123604,5058667867015440,2024-7-22:1:14:29
延迟退休,334149,5058665894117600,2024-7-22:1:14:29
黄子韬徐艺洋公开后秀恩爱,316894,5058620587512249,2024-7-22:1:14:29
胎儿检出超雄孕妇完成终止妊娠手术,226633,5058576772498386,2024-7-22:1:14:29
吃饭偶遇张婧仪做服务员,209157,5058676924879947,2024-7-22:1:14:29
宝马回应临时加价4S店才交车,126109,5058644646037699,2024-7-22:1:14:29
相柳小夭见的最后一面,122590,5058570381167726,2024-7-22:1:14:29
长沙,122161,5058697227143835,2024-7-22:1:14:29
被奶奶的手机壳震惊到了,187563,5058621071167269,2024-7-22:1:14:29
熬过4个易发胖时刻变瘦就容易了,145943,5058503506395971,2024-7-22:1:14:29
阳虚还是阴虚看出汗就能知道,124417,5058676383552082,2024-7-22:1:14:29
单依纯都搞唱跳了,115556,5058688551751144,2024-7-22:1:14:29
宋茜回应花少6官宣,114274,5058728722174014,2024-7-22:1:14:29
预制菜已经发展到这个地步了,110463,5058652117667206,2024-7-22:1:14:29
赵露思直播怼脸镜头,99298,5058693866201081,2024-7-22:1:14:29
悉尼一父亲救滚入轨道的婴儿车不幸死亡,94836,5058630838389184,2024-7-22:1:14:29
泰国队员想来中国队宿舍凉快,92335,5058641128594309,2024-7-22:1:14:29
高会,89424,5058701983745029,2024-7-22:1:14:29
为啥鸡的身体零件比整只鸡贵,88752,5058692315613212,2024-7-22:1:14:29
英雄联盟手游取消赵露思置顶,88505,5058606927972475,2024-7-22:1:14:29
薛之谦压轴,88074,5058721821231393,2024-7-22:1:14:29
男婴出生2天腿部青紫查出罕见病,84313,5058637720453504,2024-7-22:1:14:29
男子称给霸王茶姬差评后被找上门,76573,5058632355414453,2024-7-22:1:14:29
唐诡2仵作之死最惨的是谁,69723,5058641542255349,2024-7-22:1:14:29
时代峰峻否认张真源贺峻霖恋情,66811,5058679007084562,2024-7-22:1:14:29
赵露思ID耙耙柑儿,66212,5058702247991300,2024-7-22:1:14:29
杨幂画的手稿,66162,5058672233545858,2024-7-22:1:14:29
王楚钦早六晚十练了两年了,65555,5058664572393623,2024-7-22:1:14:29
陕西塌桥一落水者因打开车窗获救,62929,5058681710061510,2024-7-22:1:14:29
三中全会决定60条,62222,5058612827525896,2024-7-22:1:14:29
南京大屠杀幸存者周智林老人去世,56118,5058698649018908,2024-7-22:1:14:29
周深TMEA年度男歌手,52914,5058703029701317,2024-7-22:1:14:29
蒲熠星JOJO私下关系,52793,5058689786448965,2024-7-22:1:14:29
陈丽君凤求凰好英气,52553,5058681424843186,2024-7-22:1:14:29
花儿与少年直播,52327,5058676392725015,2024-7-22:1:14:29
内蒙05后人均一米八,47856,5058672621785136,2024-7-22:1:14:29
周深TMEA压轴,50960,5058708499075902,2024-7-22:1:14:29
赵雅芝叶童重现打伞名场面,47705,5058305642988472,2024-7-22:1:14:29
